inf159Cat3T7n1,/scr1/users/danielsg/sagori_run_4/data_files/inf159Cat3T7n1_R1.fastq.gz,/scr1/users/danielsg/sagori_run_4/data_files/inf159Cat3T7n1_R2.fastq.gz
inf181Cat3T2n1,/scr1/users/danielsg/sagori_run_4/data_files/inf181Cat3T2n1_R1.fastq.gz,/scr1/users/danielsg/sagori_run_4/data_files/inf181Cat3T2n1_R2.fastq.gz
inf190Cat1T3n1,/scr1/users/danielsg/sagori_run_4/data_files/inf190Cat1T3n1_R1.fastq.gz,/scr1/users/danielsg/sagori_run_4/data_files/inf190Cat1T3n1_R2.fastq.gz
mockdna4,/scr1/users/danielsg/sagori_run_4/data_files/mockdna4_R1.fastq.gz,/scr1/users/danielsg/sagori_run_4/data_files/mockdna4_R2.fastq.gz
inf188Cat3T3n1,/scr1/users/danielsg/sagori_run_4/data_files/inf188Cat3T3n1_R1.fastq.gz,/scr1/users/danielsg/sagori_run_4/data_files/inf188Cat3T3n1_R2.fastq.gz
inf194Cat1T6n1,/scr1/users/danielsg/sagori_run_4/data_files/inf194Cat1T6n1_R1.fastq.gz,/scr1/users/danielsg/sagori_run_4/data_files/inf194Cat1T6n1_R2.fastq.gz
inf171Cat1T1n1,/scr1/users/danielsg/sagori_run_4/data_files/inf171Cat1T1n1_R1.fastq.gz,/scr1/users/danielsg/sagori_run_4/data_files/inf171Cat1T1n1_R2.fastq.gz
inf168Cat3T3n1,/scr1/users/danielsg/sagori_run_4/data_files/inf168Cat3T3n1_R1.fastq.gz,/scr1/users/danielsg/sagori_run_4/data_files/inf168Cat3T3n1_R2.fastq.gz
inf167Cat3T2n1,/scr1/users/danielsg/sagori_run_4/data_files/inf167Cat3T2n1_R1.fastq.gz,/scr1/users/danielsg/sagori_run_4/data_files/inf167Cat3T2n1_R2.fastq.gz
inf173Cat3T1n1,/scr1/users/danielsg/sagori_run_4/data_files/inf173Cat3T1n1_R1.fastq.gz,/scr1/users/danielsg/sagori_run_4/data_files/inf173Cat3T1n1_R2.fastq.gz
mockdna2,/scr1/users/danielsg/sagori_run_4/data_files/mockdna2_R1.fastq.gz,/scr1/users/danielsg/sagori_run_4/data_files/mockdna2_R2.fastq.gz
inf174Cat3T8n1,/scr1/users/danielsg/sagori_run_4/data_files/inf174Cat3T8n1_R1.fastq.gz,/scr1/users/danielsg/sagori_run_4/data_files/inf174Cat3T8n1_R2.fastq.gz
inf196Cat1T7n1,/scr1/users/danielsg/sagori_run_4/data_files/inf196Cat1T7n1_R1.fastq.gz,/scr1/users/danielsg/sagori_run_4/data_files/inf196Cat1T7n1_R2.fastq.gz
inf193Cat3T6n1,/scr1/users/danielsg/sagori_run_4/data_files/inf193Cat3T6n1_R1.fastq.gz,/scr1/users/danielsg/sagori_run_4/data_files/inf193Cat3T6n1_R2.fastq.gz
inf182Cat1T3n1,/scr1/users/danielsg/sagori_run_4/data_files/inf182Cat1T3n1_R1.fastq.gz,/scr1/users/danielsg/sagori_run_4/data_files/inf182Cat1T3n1_R2.fastq.gz
inf191Cat2T6n1,/scr1/users/danielsg/sagori_run_4/data_files/inf191Cat2T6n1_R1.fastq.gz,/scr1/users/danielsg/sagori_run_4/data_files/inf191Cat2T6n1_R2.fastq.gz
inf176Cat3T1n1,/scr1/users/danielsg/sagori_run_4/data_files/inf176Cat3T1n1_R1.fastq.gz,/scr1/users/danielsg/sagori_run_4/data_files/inf176Cat3T1n1_R2.fastq.gz
inf174Cat3T0n1,/scr1/users/danielsg/sagori_run_4/data_files/inf174Cat3T0n1_R1.fastq.gz,/scr1/users/danielsg/sagori_run_4/data_files/inf174Cat3T0n1_R2.fastq.gz
inf180Cat3T2n1,/scr1/users/danielsg/sagori_run_4/data_files/inf180Cat3T2n1_R1.fastq.gz,/scr1/users/danielsg/sagori_run_4/data_files/inf180Cat3T2n1_R2.fastq.gz
inf178Cat3T3n1,/scr1/users/danielsg/sagori_run_4/data_files/inf178Cat3T3n1_R1.fastq.gz,/scr1/users/danielsg/sagori_run_4/data_files/inf178Cat3T3n1_R2.fastq.gz
inf195Cat1T6n1,/scr1/users/danielsg/sagori_run_4/data_files/inf195Cat1T6n1_R1.fastq.gz,/scr1/users/danielsg/sagori_run_4/data_files/inf195Cat1T6n1_R2.fastq.gz
inf172Cat3T1n1,/scr1/users/danielsg/sagori_run_4/data_files/inf172Cat3T1n1_R1.fastq.gz,/scr1/users/danielsg/sagori_run_4/data_files/inf172Cat3T1n1_R2.fastq.gz
inf177Cat3T2n1,/scr1/users/danielsg/sagori_run_4/data_files/inf177Cat3T2n1_R1.fastq.gz,/scr1/users/danielsg/sagori_run_4/data_files/inf177Cat3T2n1_R2.fastq.gz
inf189Cat1T3n1,/scr1/users/danielsg/sagori_run_4/data_files/inf189Cat1T3n1_R1.fastq.gz,/scr1/users/danielsg/sagori_run_4/data_files/inf189Cat1T3n1_R2.fastq.gz
inf176Cat3T2n1,/scr1/users/danielsg/sagori_run_4/data_files/inf176Cat3T2n1_R1.fastq.gz,/scr1/users/danielsg/sagori_run_4/data_files/inf176Cat3T2n1_R2.fastq.gz
inf172Cat3T2n1,/scr1/users/danielsg/sagori_run_4/data_files/inf172Cat3T2n1_R1.fastq.gz,/scr1/users/danielsg/sagori_run_4/data_files/inf172Cat3T2n1_R2.fastq.gz
inf194Cat1T7n1,/scr1/users/danielsg/sagori_run_4/data_files/inf194Cat1T7n1_R1.fastq.gz,/scr1/users/danielsg/sagori_run_4/data_files/inf194Cat1T7n1_R2.fastq.gz
inf196Cat1T8n1,/scr1/users/danielsg/sagori_run_4/data_files/inf196Cat1T8n1_R1.fastq.gz,/scr1/users/danielsg/sagori_run_4/data_files/inf196Cat1T8n1_R2.fastq.gz
inf185Cat1T3n1,/scr1/users/danielsg/sagori_run_4/data_files/inf185Cat1T3n1_R1.fastq.gz,/scr1/users/danielsg/sagori_run_4/data_files/inf185Cat1T3n1_R2.fastq.gz
inf191Cat2T0n1,/scr1/users/danielsg/sagori_run_4/data_files/inf191Cat2T0n1_R1.fastq.gz,/scr1/users/danielsg/sagori_run_4/data_files/inf191Cat2T0n1_R2.fastq.gz
inf168Cat3T4n1,/scr1/users/danielsg/sagori_run_4/data_files/inf168Cat3T4n1_R1.fastq.gz,/scr1/users/danielsg/sagori_run_4/data_files/inf168Cat3T4n1_R2.fastq.gz
inf167Cat3T3n1,/scr1/users/danielsg/sagori_run_4/data_files/inf167Cat3T3n1_R1.fastq.gz,/scr1/users/danielsg/sagori_run_4/data_files/inf167Cat3T3n1_R2.fastq.gz
inf175Cat3T2n1,/scr1/users/danielsg/sagori_run_4/data_files/inf175Cat3T2n1_R1.fastq.gz,/scr1/users/danielsg/sagori_run_4/data_files/inf175Cat3T2n1_R2.fastq.gz
inf193Cat3T7n1,/scr1/users/danielsg/sagori_run_4/data_files/inf193Cat3T7n1_R1.fastq.gz,/scr1/users/danielsg/sagori_run_4/data_files/inf193Cat3T7n1_R2.fastq.gz
inf195Cat1T7n1,/scr1/users/danielsg/sagori_run_4/data_files/inf195Cat1T7n1_R1.fastq.gz,/scr1/users/danielsg/sagori_run_4/data_files/inf195Cat1T7n1_R2.fastq.gz
inf160Cat3T8n1,/scr1/users/danielsg/sagori_run_4/data_files/inf160Cat3T8n1_R1.fastq.gz,/scr1/users/danielsg/sagori_run_4/data_files/inf160Cat3T8n1_R2.fastq.gz
inf177Cat3T3n1,/scr1/users/danielsg/sagori_run_4/data_files/inf177Cat3T3n1_R1.fastq.gz,/scr1/users/danielsg/sagori_run_4/data_files/inf177Cat3T3n1_R2.fastq.gz
inf169Cat3T5n1,/scr1/users/danielsg/sagori_run_4/data_files/inf169Cat3T5n1_R1.fastq.gz,/scr1/users/danielsg/sagori_run_4/data_files/inf169Cat3T5n1_R2.fastq.gz
inf191Cat2T7n1,/scr1/users/danielsg/sagori_run_4/data_files/inf191Cat2T7n1_R1.fastq.gz,/scr1/users/danielsg/sagori_run_4/data_files/inf191Cat2T7n1_R2.fastq.gz
inf171Cat1T2n1,/scr1/users/danielsg/sagori_run_4/data_files/inf171Cat1T2n1_R1.fastq.gz,/scr1/users/danielsg/sagori_run_4/data_files/inf171Cat1T2n1_R2.fastq.gz
inf174Cat3T1n1,/scr1/users/danielsg/sagori_run_4/data_files/inf174Cat3T1n1_R1.fastq.gz,/scr1/users/danielsg/sagori_run_4/data_files/inf174Cat3T1n1_R2.fastq.gz
inf181Cat3T3n1,/scr1/users/danielsg/sagori_run_4/data_files/inf181Cat3T3n1_R1.fastq.gz,/scr1/users/danielsg/sagori_run_4/data_files/inf181Cat3T3n1_R2.fastq.gz
inf188Cat3T4n1,/scr1/users/danielsg/sagori_run_4/data_files/inf188Cat3T4n1_R1.fastq.gz,/scr1/users/danielsg/sagori_run_4/data_files/inf188Cat3T4n1_R2.fastq.gz
inf179Cat1T0n1,/scr1/users/danielsg/sagori_run_4/data_files/inf179Cat1T0n1_R1.fastq.gz,/scr1/users/danielsg/sagori_run_4/data_files/inf179Cat1T0n1_R2.fastq.gz
inf189Cat1T4n1,/scr1/users/danielsg/sagori_run_4/data_files/inf189Cat1T4n1_R1.fastq.gz,/scr1/users/danielsg/sagori_run_4/data_files/inf189Cat1T4n1_R2.fastq.gz
inf173Cat3T3n1,/scr1/users/danielsg/sagori_run_4/data_files/inf173Cat3T3n1_R1.fastq.gz,/scr1/users/danielsg/sagori_run_4/data_files/inf173Cat3T3n1_R2.fastq.gz
inf182Cat1T4n1,/scr1/users/danielsg/sagori_run_4/data_files/inf182Cat1T4n1_R1.fastq.gz,/scr1/users/danielsg/sagori_run_4/data_files/inf182Cat1T4n1_R2.fastq.gz
inf180Cat3T3n1,/scr1/users/danielsg/sagori_run_4/data_files/inf180Cat3T3n1_R1.fastq.gz,/scr1/users/danielsg/sagori_run_4/data_files/inf180Cat3T3n1_R2.fastq.gz
inf197Cat1T2n1,/scr1/users/danielsg/sagori_run_4/data_files/inf197Cat1T2n1_R1.fastq.gz,/scr1/users/danielsg/sagori_run_4/data_files/inf197Cat1T2n1_R2.fastq.gz
inf176Cat3T3n1,/scr1/users/danielsg/sagori_run_4/data_files/inf176Cat3T3n1_R1.fastq.gz,/scr1/users/danielsg/sagori_run_4/data_files/inf176Cat3T3n1_R2.fastq.gz
inf172Cat3T3n1,/scr1/users/danielsg/sagori_run_4/data_files/inf172Cat3T3n1_R1.fastq.gz,/scr1/users/danielsg/sagori_run_4/data_files/inf172Cat3T3n1_R2.fastq.gz
inf195Cat1T1n1,/scr1/users/danielsg/sagori_run_4/data_files/inf195Cat1T1n1_R1.fastq.gz,/scr1/users/danielsg/sagori_run_4/data_files/inf195Cat1T1n1_R2.fastq.gz
inf163Cat3T8n1,/scr1/users/danielsg/sagori_run_4/data_files/inf163Cat3T8n1_R1.fastq.gz,/scr1/users/danielsg/sagori_run_4/data_files/inf163Cat3T8n1_R2.fastq.gz
inf191Cat2T8n1,/scr1/users/danielsg/sagori_run_4/data_files/inf191Cat2T8n1_R1.fastq.gz,/scr1/users/danielsg/sagori_run_4/data_files/inf191Cat2T8n1_R2.fastq.gz
DNAfreewater1,/scr1/users/danielsg/sagori_run_4/data_files/DNAfreewater1_R1.fastq.gz,/scr1/users/danielsg/sagori_run_4/data_files/DNAfreewater1_R2.fastq.gz
inf182Cat1T5n1,/scr1/users/danielsg/sagori_run_4/data_files/inf182Cat1T5n1_R1.fastq.gz,/scr1/users/danielsg/sagori_run_4/data_files/inf182Cat1T5n1_R2.fastq.gz
inf171Cat1T3n1,/scr1/users/danielsg/sagori_run_4/data_files/inf171Cat1T3n1_R1.fastq.gz,/scr1/users/danielsg/sagori_run_4/data_files/inf171Cat1T3n1_R2.fastq.gz
inf168Cat3T5n1,/scr1/users/danielsg/sagori_run_4/data_files/inf168Cat3T5n1_R1.fastq.gz,/scr1/users/danielsg/sagori_run_4/data_files/inf168Cat3T5n1_R2.fastq.gz
inf187Cat3T0n1,/scr1/users/danielsg/sagori_run_4/data_files/inf187Cat3T0n1_R1.fastq.gz,/scr1/users/danielsg/sagori_run_4/data_files/inf187Cat3T0n1_R2.fastq.gz
inf181Cat3T4n1,/scr1/users/danielsg/sagori_run_4/data_files/inf181Cat3T4n1_R1.fastq.gz,/scr1/users/danielsg/sagori_run_4/data_files/inf181Cat3T4n1_R2.fastq.gz
inf191Cat2T1n1,/scr1/users/danielsg/sagori_run_4/data_files/inf191Cat2T1n1_R1.fastq.gz,/scr1/users/danielsg/sagori_run_4/data_files/inf191Cat2T1n1_R2.fastq.gz
inf188Cat3T5n1,/scr1/users/danielsg/sagori_run_4/data_files/inf188Cat3T5n1_R1.fastq.gz,/scr1/users/danielsg/sagori_run_4/data_files/inf188Cat3T5n1_R2.fastq.gz
inf174Cat3T2n1,/scr1/users/danielsg/sagori_run_4/data_files/inf174Cat3T2n1_R1.fastq.gz,/scr1/users/danielsg/sagori_run_4/data_files/inf174Cat3T2n1_R2.fastq.gz
inf177Cat3T4n1,/scr1/users/danielsg/sagori_run_4/data_files/inf177Cat3T4n1_R1.fastq.gz,/scr1/users/danielsg/sagori_run_4/data_files/inf177Cat3T4n1_R2.fastq.gz
DNAfreewater3,/scr1/users/danielsg/sagori_run_4/data_files/DNAfreewater3_R1.fastq.gz,/scr1/users/danielsg/sagori_run_4/data_files/DNAfreewater3_R2.fastq.gz
inf173Cat3T4n1,/scr1/users/danielsg/sagori_run_4/data_files/inf173Cat3T4n1_R1.fastq.gz,/scr1/users/danielsg/sagori_run_4/data_files/inf173Cat3T4n1_R2.fastq.gz
inf179Cat1T1n1,/scr1/users/danielsg/sagori_run_4/data_files/inf179Cat1T1n1_R1.fastq.gz,/scr1/users/danielsg/sagori_run_4/data_files/inf179Cat1T1n1_R2.fastq.gz
inf167Cat3T4n1,/scr1/users/danielsg/sagori_run_4/data_files/inf167Cat3T4n1_R1.fastq.gz,/scr1/users/danielsg/sagori_run_4/data_files/inf167Cat3T4n1_R2.fastq.gz
inf170Cat3T1n1,/scr1/users/danielsg/sagori_run_4/data_files/inf170Cat3T1n1_R1.fastq.gz,/scr1/users/danielsg/sagori_run_4/data_files/inf170Cat3T1n1_R2.fastq.gz
inf189Cat1T5n1,/scr1/users/danielsg/sagori_run_4/data_files/inf189Cat1T5n1_R1.fastq.gz,/scr1/users/danielsg/sagori_run_4/data_files/inf189Cat1T5n1_R2.fastq.gz
inf196Cat1T1n1,/scr1/users/danielsg/sagori_run_4/data_files/inf196Cat1T1n1_R1.fastq.gz,/scr1/users/danielsg/sagori_run_4/data_files/inf196Cat1T1n1_R2.fastq.gz
inf180Cat3T4n1,/scr1/users/danielsg/sagori_run_4/data_files/inf180Cat3T4n1_R1.fastq.gz,/scr1/users/danielsg/sagori_run_4/data_files/inf180Cat3T4n1_R2.fastq.gz
inf175Cat3T3n1,/scr1/users/danielsg/sagori_run_4/data_files/inf175Cat3T3n1_R1.fastq.gz,/scr1/users/danielsg/sagori_run_4/data_files/inf175Cat3T3n1_R2.fastq.gz
inf168Cat3T6n1,/scr1/users/danielsg/sagori_run_4/data_files/inf168Cat3T6n1_R1.fastq.gz,/scr1/users/danielsg/sagori_run_4/data_files/inf168Cat3T6n1_R2.fastq.gz
inf174Cat3T3n1,/scr1/users/danielsg/sagori_run_4/data_files/inf174Cat3T3n1_R1.fastq.gz,/scr1/users/danielsg/sagori_run_4/data_files/inf174Cat3T3n1_R2.fastq.gz
Extractblankswab4,/scr1/users/danielsg/sagori_run_4/data_files/Extractblankswab4_R1.fastq.gz,/scr1/users/danielsg/sagori_run_4/data_files/Extractblankswab4_R2.fastq.gz
inf195Cat1T2n1,/scr1/users/danielsg/sagori_run_4/data_files/inf195Cat1T2n1_R1.fastq.gz,/scr1/users/danielsg/sagori_run_4/data_files/inf195Cat1T2n1_R2.fastq.gz
inf170Cat3T2n1,/scr1/users/danielsg/sagori_run_4/data_files/inf170Cat3T2n1_R1.fastq.gz,/scr1/users/danielsg/sagori_run_4/data_files/inf170Cat3T2n1_R2.fastq.gz
inf173Cat3T5n1,/scr1/users/danielsg/sagori_run_4/data_files/inf173Cat3T5n1_R1.fastq.gz,/scr1/users/danielsg/sagori_run_4/data_files/inf173Cat3T5n1_R2.fastq.gz
inf164Cat3T8n1,/scr1/users/danielsg/sagori_run_4/data_files/inf164Cat3T8n1_R1.fastq.gz,/scr1/users/danielsg/sagori_run_4/data_files/inf164Cat3T8n1_R2.fastq.gz
inf172Cat3T4n1,/scr1/users/danielsg/sagori_run_4/data_files/inf172Cat3T4n1_R1.fastq.gz,/scr1/users/danielsg/sagori_run_4/data_files/inf172Cat3T4n1_R2.fastq.gz
inf187Cat3T2n1,/scr1/users/danielsg/sagori_run_4/data_files/inf187Cat3T2n1_R1.fastq.gz,/scr1/users/danielsg/sagori_run_4/data_files/inf187Cat3T2n1_R2.fastq.gz
inf193Cat3T8n1,/scr1/users/danielsg/sagori_run_4/data_files/inf193Cat3T8n1_R1.fastq.gz,/scr1/users/danielsg/sagori_run_4/data_files/inf193Cat3T8n1_R2.fastq.gz
inf197Cat1T3n1,/scr1/users/danielsg/sagori_run_4/data_files/inf197Cat1T3n1_R1.fastq.gz,/scr1/users/danielsg/sagori_run_4/data_files/inf197Cat1T3n1_R2.fastq.gz
inf179Cat1T3n1,/scr1/users/danielsg/sagori_run_4/data_files/inf179Cat1T3n1_R1.fastq.gz,/scr1/users/danielsg/sagori_run_4/data_files/inf179Cat1T3n1_R2.fastq.gz
inf181Cat3T6n1,/scr1/users/danielsg/sagori_run_4/data_files/inf181Cat3T6n1_R1.fastq.gz,/scr1/users/danielsg/sagori_run_4/data_files/inf181Cat3T6n1_R2.fastq.gz
inf167Cat3T5n1,/scr1/users/danielsg/sagori_run_4/data_files/inf167Cat3T5n1_R1.fastq.gz,/scr1/users/danielsg/sagori_run_4/data_files/inf167Cat3T5n1_R2.fastq.gz
inf182Cat1T7n1,/scr1/users/danielsg/sagori_run_4/data_files/inf182Cat1T7n1_R1.fastq.gz,/scr1/users/danielsg/sagori_run_4/data_files/inf182Cat1T7n1_R2.fastq.gz
Extractblankswab2,/scr1/users/danielsg/sagori_run_4/data_files/Extractblankswab2_R1.fastq.gz,/scr1/users/danielsg/sagori_run_4/data_files/Extractblankswab2_R2.fastq.gz
inf192Cat1T8n1,/scr1/users/danielsg/sagori_run_4/data_files/inf192Cat1T8n1_R1.fastq.gz,/scr1/users/danielsg/sagori_run_4/data_files/inf192Cat1T8n1_R2.fastq.gz
inf191Cat2T2n1,/scr1/users/danielsg/sagori_run_4/data_files/inf191Cat2T2n1_R1.fastq.gz,/scr1/users/danielsg/sagori_run_4/data_files/inf191Cat2T2n1_R2.fastq.gz
inf196Cat1T2n1,/scr1/users/danielsg/sagori_run_4/data_files/inf196Cat1T2n1_R1.fastq.gz,/scr1/users/danielsg/sagori_run_4/data_files/inf196Cat1T2n1_R2.fastq.gz
inf189Cat1T6n1,/scr1/users/danielsg/sagori_run_4/data_files/inf189Cat1T6n1_R1.fastq.gz,/scr1/users/danielsg/sagori_run_4/data_files/inf189Cat1T6n1_R2.fastq.gz
inf177Cat3T6n1,/scr1/users/danielsg/sagori_run_4/data_files/inf177Cat3T6n1_R1.fastq.gz,/scr1/users/danielsg/sagori_run_4/data_files/inf177Cat3T6n1_R2.fastq.gz
inf180Cat3T5n1,/scr1/users/danielsg/sagori_run_4/data_files/inf180Cat3T5n1_R1.fastq.gz,/scr1/users/danielsg/sagori_run_4/data_files/inf180Cat3T5n1_R2.fastq.gz
inf176Cat3T4n1,/scr1/users/danielsg/sagori_run_4/data_files/inf176Cat3T4n1_R1.fastq.gz,/scr1/users/danielsg/sagori_run_4/data_files/inf176Cat3T4n1_R2.fastq.gz
inf174Cat3T4n1,/scr1/users/danielsg/sagori_run_4/data_files/inf174Cat3T4n1_R1.fastq.gz,/scr1/users/danielsg/sagori_run_4/data_files/inf174Cat3T4n1_R2.fastq.gz
inf169Cat3T1n1,/scr1/users/danielsg/sagori_run_4/data_files/inf169Cat3T1n1_R1.fastq.gz,/scr1/users/danielsg/sagori_run_4/data_files/inf169Cat3T1n1_R2.fastq.gz
Extractemptywell1,/scr1/users/danielsg/sagori_run_4/data_files/Extractemptywell1_R1.fastq.gz,/scr1/users/danielsg/sagori_run_4/data_files/Extractemptywell1_R2.fastq.gz
inf167Cat3T6n1,/scr1/users/danielsg/sagori_run_4/data_files/inf167Cat3T6n1_R1.fastq.gz,/scr1/users/danielsg/sagori_run_4/data_files/inf167Cat3T6n1_R2.fastq.gz
inf196Cat1T3n1,/scr1/users/danielsg/sagori_run_4/data_files/inf196Cat1T3n1_R1.fastq.gz,/scr1/users/danielsg/sagori_run_4/data_files/inf196Cat1T3n1_R2.fastq.gz
inf194Cat1T1n1,/scr1/users/danielsg/sagori_run_4/data_files/inf194Cat1T1n1_R1.fastq.gz,/scr1/users/danielsg/sagori_run_4/data_files/inf194Cat1T1n1_R2.fastq.gz
inf188Cat3T6n1,/scr1/users/danielsg/sagori_run_4/data_files/inf188Cat3T6n1_R1.fastq.gz,/scr1/users/danielsg/sagori_run_4/data_files/inf188Cat3T6n1_R2.fastq.gz
inf165Cat3T8n1,/scr1/users/danielsg/sagori_run_4/data_files/inf165Cat3T8n1_R1.fastq.gz,/scr1/users/danielsg/sagori_run_4/data_files/inf165Cat3T8n1_R2.fastq.gz
inf187Cat3T3n1,/scr1/users/danielsg/sagori_run_4/data_files/inf187Cat3T3n1_R1.fastq.gz,/scr1/users/danielsg/sagori_run_4/data_files/inf187Cat3T3n1_R2.fastq.gz
inf172Cat3T5n1,/scr1/users/danielsg/sagori_run_4/data_files/inf172Cat3T5n1_R1.fastq.gz,/scr1/users/danielsg/sagori_run_4/data_files/inf172Cat3T5n1_R2.fastq.gz
inf181Cat3T7n1,/scr1/users/danielsg/sagori_run_4/data_files/inf181Cat3T7n1_R1.fastq.gz,/scr1/users/danielsg/sagori_run_4/data_files/inf181Cat3T7n1_R2.fastq.gz
Extractemptywell3,/scr1/users/danielsg/sagori_run_4/data_files/Extractemptywell3_R1.fastq.gz,/scr1/users/danielsg/sagori_run_4/data_files/Extractemptywell3_R2.fastq.gz
inf189Cat1T7n1,/scr1/users/danielsg/sagori_run_4/data_files/inf189Cat1T7n1_R1.fastq.gz,/scr1/users/danielsg/sagori_run_4/data_files/inf189Cat1T7n1_R2.fastq.gz
DNAfreewater4,/scr1/users/danielsg/sagori_run_4/data_files/DNAfreewater4_R1.fastq.gz,/scr1/users/danielsg/sagori_run_4/data_files/DNAfreewater4_R2.fastq.gz
inf177Cat3T7n1,/scr1/users/danielsg/sagori_run_4/data_files/inf177Cat3T7n1_R1.fastq.gz,/scr1/users/danielsg/sagori_run_4/data_files/inf177Cat3T7n1_R2.fastq.gz
inf170Cat3T4n1,/scr1/users/danielsg/sagori_run_4/data_files/inf170Cat3T4n1_R1.fastq.gz,/scr1/users/danielsg/sagori_run_4/data_files/inf170Cat3T4n1_R2.fastq.gz
inf195Cat1T3n1,/scr1/users/danielsg/sagori_run_4/data_files/inf195Cat1T3n1_R1.fastq.gz,/scr1/users/danielsg/sagori_run_4/data_files/inf195Cat1T3n1_R2.fastq.gz
inf193Cat3T2n1,/scr1/users/danielsg/sagori_run_4/data_files/inf193Cat3T2n1_R1.fastq.gz,/scr1/users/danielsg/sagori_run_4/data_files/inf193Cat3T2n1_R2.fastq.gz
inf184Cat1T8n1,/scr1/users/danielsg/sagori_run_4/data_files/inf184Cat1T8n1_R1.fastq.gz,/scr1/users/danielsg/sagori_run_4/data_files/inf184Cat1T8n1_R2.fastq.gz
inf171Cat1T4n1,/scr1/users/danielsg/sagori_run_4/data_files/inf171Cat1T4n1_R1.fastq.gz,/scr1/users/danielsg/sagori_run_4/data_files/inf171Cat1T4n1_R2.fastq.gz
DNAfreewater2,/scr1/users/danielsg/sagori_run_4/data_files/DNAfreewater2_R1.fastq.gz,/scr1/users/danielsg/sagori_run_4/data_files/DNAfreewater2_R2.fastq.gz
inf175Cat3T4n1,/scr1/users/danielsg/sagori_run_4/data_files/inf175Cat3T4n1_R1.fastq.gz,/scr1/users/danielsg/sagori_run_4/data_files/inf175Cat3T4n1_R2.fastq.gz
inf176Cat3T6n1,/scr1/users/danielsg/sagori_run_4/data_files/inf176Cat3T6n1_R1.fastq.gz,/scr1/users/danielsg/sagori_run_4/data_files/inf176Cat3T6n1_R2.fastq.gz
inf180Cat3T6n1,/scr1/users/danielsg/sagori_run_4/data_files/inf180Cat3T6n1_R1.fastq.gz,/scr1/users/danielsg/sagori_run_4/data_files/inf180Cat3T6n1_R2.fastq.gz
inf179Cat1T4n1,/scr1/users/danielsg/sagori_run_4/data_files/inf179Cat1T4n1_R1.fastq.gz,/scr1/users/danielsg/sagori_run_4/data_files/inf179Cat1T4n1_R2.fastq.gz
inf196Cat1T4n1,/scr1/users/danielsg/sagori_run_4/data_files/inf196Cat1T4n1_R1.fastq.gz,/scr1/users/danielsg/sagori_run_4/data_files/inf196Cat1T4n1_R2.fastq.gz
inf190Cat1T0n1,/scr1/users/danielsg/sagori_run_4/data_files/inf190Cat1T0n1_R1.fastq.gz,/scr1/users/danielsg/sagori_run_4/data_files/inf190Cat1T0n1_R2.fastq.gz
inf193Cat3T3n1,/scr1/users/danielsg/sagori_run_4/data_files/inf193Cat3T3n1_R1.fastq.gz,/scr1/users/danielsg/sagori_run_4/data_files/inf193Cat3T3n1_R2.fastq.gz
inf181Cat3T8n1,/scr1/users/danielsg/sagori_run_4/data_files/inf181Cat3T8n1_R1.fastq.gz,/scr1/users/danielsg/sagori_run_4/data_files/inf181Cat3T8n1_R2.fastq.gz
inf173Cat3T6n1,/scr1/users/danielsg/sagori_run_4/data_files/inf173Cat3T6n1_R1.fastq.gz,/scr1/users/danielsg/sagori_run_4/data_files/inf173Cat3T6n1_R2.fastq.gz
inf175Cat3T5n1,/scr1/users/danielsg/sagori_run_4/data_files/inf175Cat3T5n1_R1.fastq.gz,/scr1/users/danielsg/sagori_run_4/data_files/inf175Cat3T5n1_R2.fastq.gz
inf169Cat3T3n1,/scr1/users/danielsg/sagori_run_4/data_files/inf169Cat3T3n1_R1.fastq.gz,/scr1/users/danielsg/sagori_run_4/data_files/inf169Cat3T3n1_R2.fastq.gz
inf176Cat3T7n1,/scr1/users/danielsg/sagori_run_4/data_files/inf176Cat3T7n1_R1.fastq.gz,/scr1/users/danielsg/sagori_run_4/data_files/inf176Cat3T7n1_R2.fastq.gz
inf188Cat3T7n1,/scr1/users/danielsg/sagori_run_4/data_files/inf188Cat3T7n1_R1.fastq.gz,/scr1/users/danielsg/sagori_run_4/data_files/inf188Cat3T7n1_R2.fastq.gz
inf191Cat2T3n1,/scr1/users/danielsg/sagori_run_4/data_files/inf191Cat2T3n1_R1.fastq.gz,/scr1/users/danielsg/sagori_run_4/data_files/inf191Cat2T3n1_R2.fastq.gz
inf180Cat3T7n1,/scr1/users/danielsg/sagori_run_4/data_files/inf180Cat3T7n1_R1.fastq.gz,/scr1/users/danielsg/sagori_run_4/data_files/inf180Cat3T7n1_R2.fastq.gz
inf197Cat1T4n1,/scr1/users/danielsg/sagori_run_4/data_files/inf197Cat1T4n1_R1.fastq.gz,/scr1/users/danielsg/sagori_run_4/data_files/inf197Cat1T4n1_R2.fastq.gz
inf172Cat3T6n1,/scr1/users/danielsg/sagori_run_4/data_files/inf172Cat3T6n1_R1.fastq.gz,/scr1/users/danielsg/sagori_run_4/data_files/inf172Cat3T6n1_R2.fastq.gz
inf168Cat3T0n1,/scr1/users/danielsg/sagori_run_4/data_files/inf168Cat3T0n1_R1.fastq.gz,/scr1/users/danielsg/sagori_run_4/data_files/inf168Cat3T0n1_R2.fastq.gz
inf195Cat1T4n1,/scr1/users/danielsg/sagori_run_4/data_files/inf195Cat1T4n1_R1.fastq.gz,/scr1/users/danielsg/sagori_run_4/data_files/inf195Cat1T4n1_R2.fastq.gz
inf171Cat1T5n1,/scr1/users/danielsg/sagori_run_4/data_files/inf171Cat1T5n1_R1.fastq.gz,/scr1/users/danielsg/sagori_run_4/data_files/inf171Cat1T5n1_R2.fastq.gz
inf167Cat3T0n1,/scr1/users/danielsg/sagori_run_4/data_files/inf167Cat3T0n1_R1.fastq.gz,/scr1/users/danielsg/sagori_run_4/data_files/inf167Cat3T0n1_R2.fastq.gz
inf170Cat3T5n1,/scr1/users/danielsg/sagori_run_4/data_files/inf170Cat3T5n1_R1.fastq.gz,/scr1/users/danielsg/sagori_run_4/data_files/inf170Cat3T5n1_R2.fastq.gz
inf187Cat3T4n1,/scr1/users/danielsg/sagori_run_4/data_files/inf187Cat3T4n1_R1.fastq.gz,/scr1/users/danielsg/sagori_run_4/data_files/inf187Cat3T4n1_R2.fastq.gz
inf185Cat1T1n1,/scr1/users/danielsg/sagori_run_4/data_files/inf185Cat1T1n1_R1.fastq.gz,/scr1/users/danielsg/sagori_run_4/data_files/inf185Cat1T1n1_R2.fastq.gz
inf194Cat1T3n1,/scr1/users/danielsg/sagori_run_4/data_files/inf194Cat1T3n1_R1.fastq.gz,/scr1/users/danielsg/sagori_run_4/data_files/inf194Cat1T3n1_R2.fastq.gz
inf174Cat3T5n1,/scr1/users/danielsg/sagori_run_4/data_files/inf174Cat3T5n1_R1.fastq.gz,/scr1/users/danielsg/sagori_run_4/data_files/inf174Cat3T5n1_R2.fastq.gz
inf177Cat3T8n1,/scr1/users/danielsg/sagori_run_4/data_files/inf177Cat3T8n1_R1.fastq.gz,/scr1/users/danielsg/sagori_run_4/data_files/inf177Cat3T8n1_R2.fastq.gz
inf182Cat1T1n1,/scr1/users/danielsg/sagori_run_4/data_files/inf182Cat1T1n1_R1.fastq.gz,/scr1/users/danielsg/sagori_run_4/data_files/inf182Cat1T1n1_R2.fastq.gz
inf191Cat2T4n1,/scr1/users/danielsg/sagori_run_4/data_files/inf191Cat2T4n1_R1.fastq.gz,/scr1/users/danielsg/sagori_run_4/data_files/inf191Cat2T4n1_R2.fastq.gz
inf176Cat3T8n1,/scr1/users/danielsg/sagori_run_4/data_files/inf176Cat3T8n1_R1.fastq.gz,/scr1/users/danielsg/sagori_run_4/data_files/inf176Cat3T8n1_R2.fastq.gz
inf173Cat3T7n1,/scr1/users/danielsg/sagori_run_4/data_files/inf173Cat3T7n1_R1.fastq.gz,/scr1/users/danielsg/sagori_run_4/data_files/inf173Cat3T7n1_R2.fastq.gz
inf180Cat3T0n1,/scr1/users/danielsg/sagori_run_4/data_files/inf180Cat3T0n1_R1.fastq.gz,/scr1/users/danielsg/sagori_run_4/data_files/inf180Cat3T0n1_R2.fastq.gz
inf195Cat1T5n1,/scr1/users/danielsg/sagori_run_4/data_files/inf195Cat1T5n1_R1.fastq.gz,/scr1/users/danielsg/sagori_run_4/data_files/inf195Cat1T5n1_R2.fastq.gz
mockdna1,/scr1/users/danielsg/sagori_run_4/data_files/mockdna1_R1.fastq.gz,/scr1/users/danielsg/sagori_run_4/data_files/mockdna1_R2.fastq.gz
inf168Cat3T1n1,/scr1/users/danielsg/sagori_run_4/data_files/inf168Cat3T1n1_R1.fastq.gz,/scr1/users/danielsg/sagori_run_4/data_files/inf168Cat3T1n1_R2.fastq.gz
inf197Cat1T5n1,/scr1/users/danielsg/sagori_run_4/data_files/inf197Cat1T5n1_R1.fastq.gz,/scr1/users/danielsg/sagori_run_4/data_files/inf197Cat1T5n1_R2.fastq.gz
inf189Cat1T1n1,/scr1/users/danielsg/sagori_run_4/data_files/inf189Cat1T1n1_R1.fastq.gz,/scr1/users/danielsg/sagori_run_4/data_files/inf189Cat1T1n1_R2.fastq.gz
inf193Cat3T4n1,/scr1/users/danielsg/sagori_run_4/data_files/inf193Cat3T4n1_R1.fastq.gz,/scr1/users/danielsg/sagori_run_4/data_files/inf193Cat3T4n1_R2.fastq.gz
inf175Cat3T6n1,/scr1/users/danielsg/sagori_run_4/data_files/inf175Cat3T6n1_R1.fastq.gz,/scr1/users/danielsg/sagori_run_4/data_files/inf175Cat3T6n1_R2.fastq.gz
Extractblankswab1,/scr1/users/danielsg/sagori_run_4/data_files/Extractblankswab1_R1.fastq.gz,/scr1/users/danielsg/sagori_run_4/data_files/Extractblankswab1_R2.fastq.gz
inf174Cat3T6n1,/scr1/users/danielsg/sagori_run_4/data_files/inf174Cat3T6n1_R1.fastq.gz,/scr1/users/danielsg/sagori_run_4/data_files/inf174Cat3T6n1_R2.fastq.gz
mockdna3,/scr1/users/danielsg/sagori_run_4/data_files/mockdna3_R1.fastq.gz,/scr1/users/danielsg/sagori_run_4/data_files/mockdna3_R2.fastq.gz
inf171Cat1T6n1,/scr1/users/danielsg/sagori_run_4/data_files/inf171Cat1T6n1_R1.fastq.gz,/scr1/users/danielsg/sagori_run_4/data_files/inf171Cat1T6n1_R2.fastq.gz
inf196Cat1T5n1,/scr1/users/danielsg/sagori_run_4/data_files/inf196Cat1T5n1_R1.fastq.gz,/scr1/users/danielsg/sagori_run_4/data_files/inf196Cat1T5n1_R2.fastq.gz
inf187Cat3T6n1,/scr1/users/danielsg/sagori_run_4/data_files/inf187Cat3T6n1_R1.fastq.gz,/scr1/users/danielsg/sagori_run_4/data_files/inf187Cat3T6n1_R2.fastq.gz
inf170Cat3T6n1,/scr1/users/danielsg/sagori_run_4/data_files/inf170Cat3T6n1_R1.fastq.gz,/scr1/users/danielsg/sagori_run_4/data_files/inf170Cat3T6n1_R2.fastq.gz
inf190Cat1T1n1,/scr1/users/danielsg/sagori_run_4/data_files/inf190Cat1T1n1_R1.fastq.gz,/scr1/users/danielsg/sagori_run_4/data_files/inf190Cat1T1n1_R2.fastq.gz
inf172Cat3T7n1,/scr1/users/danielsg/sagori_run_4/data_files/inf172Cat3T7n1_R1.fastq.gz,/scr1/users/danielsg/sagori_run_4/data_files/inf172Cat3T7n1_R2.fastq.gz
inf194Cat1T4n1,/scr1/users/danielsg/sagori_run_4/data_files/inf194Cat1T4n1_R1.fastq.gz,/scr1/users/danielsg/sagori_run_4/data_files/inf194Cat1T4n1_R2.fastq.gz
inf178Cat3T1n1,/scr1/users/danielsg/sagori_run_4/data_files/inf178Cat3T1n1_R1.fastq.gz,/scr1/users/danielsg/sagori_run_4/data_files/inf178Cat3T1n1_R2.fastq.gz
Extractblankswab3,/scr1/users/danielsg/sagori_run_4/data_files/Extractblankswab3_R1.fastq.gz,/scr1/users/danielsg/sagori_run_4/data_files/Extractblankswab3_R2.fastq.gz
inf182Cat1T2n1,/scr1/users/danielsg/sagori_run_4/data_files/inf182Cat1T2n1_R1.fastq.gz,/scr1/users/danielsg/sagori_run_4/data_files/inf182Cat1T2n1_R2.fastq.gz
inf173Cat3T8n1,/scr1/users/danielsg/sagori_run_4/data_files/inf173Cat3T8n1_R1.fastq.gz,/scr1/users/danielsg/sagori_run_4/data_files/inf173Cat3T8n1_R2.fastq.gz
inf196Cat1T6n1,/scr1/users/danielsg/sagori_run_4/data_files/inf196Cat1T6n1_R1.fastq.gz,/scr1/users/danielsg/sagori_run_4/data_files/inf196Cat1T6n1_R2.fastq.gz
inf168Cat3T2n1,/scr1/users/danielsg/sagori_run_4/data_files/inf168Cat3T2n1_R1.fastq.gz,/scr1/users/danielsg/sagori_run_4/data_files/inf168Cat3T2n1_R2.fastq.gz
Extractemptywell4,/scr1/users/danielsg/sagori_run_4/data_files/Extractemptywell4_R1.fastq.gz,/scr1/users/danielsg/sagori_run_4/data_files/Extractemptywell4_R2.fastq.gz
inf170Cat3T8n1,/scr1/users/danielsg/sagori_run_4/data_files/inf170Cat3T8n1_R1.fastq.gz,/scr1/users/danielsg/sagori_run_4/data_files/inf170Cat3T8n1_R2.fastq.gz
inf197Cat1T6n1,/scr1/users/danielsg/sagori_run_4/data_files/inf197Cat1T6n1_R1.fastq.gz,/scr1/users/danielsg/sagori_run_4/data_files/inf197Cat1T6n1_R2.fastq.gz
inf191Cat2T5n1,/scr1/users/danielsg/sagori_run_4/data_files/inf191Cat2T5n1_R1.fastq.gz,/scr1/users/danielsg/sagori_run_4/data_files/inf191Cat2T5n1_R2.fastq.gz
inf189Cat1T2n1,/scr1/users/danielsg/sagori_run_4/data_files/inf189Cat1T2n1_R1.fastq.gz,/scr1/users/danielsg/sagori_run_4/data_files/inf189Cat1T2n1_R2.fastq.gz
inf185Cat1T2n1,/scr1/users/danielsg/sagori_run_4/data_files/inf185Cat1T2n1_R1.fastq.gz,/scr1/users/danielsg/sagori_run_4/data_files/inf185Cat1T2n1_R2.fastq.gz
inf188Cat3T1n1,/scr1/users/danielsg/sagori_run_4/data_files/inf188Cat3T1n1_R1.fastq.gz,/scr1/users/danielsg/sagori_run_4/data_files/inf188Cat3T1n1_R2.fastq.gz
inf193Cat3T5n1,/scr1/users/danielsg/sagori_run_4/data_files/inf193Cat3T5n1_R1.fastq.gz,/scr1/users/danielsg/sagori_run_4/data_files/inf193Cat3T5n1_R2.fastq.gz
Extractemptywell2,/scr1/users/danielsg/sagori_run_4/data_files/Extractemptywell2_R1.fastq.gz,/scr1/users/danielsg/sagori_run_4/data_files/Extractemptywell2_R2.fastq.gz
inf180Cat3T1n1,/scr1/users/danielsg/sagori_run_4/data_files/inf180Cat3T1n1_R1.fastq.gz,/scr1/users/danielsg/sagori_run_4/data_files/inf180Cat3T1n1_R2.fastq.gz
inf190Cat1T2n1,/scr1/users/danielsg/sagori_run_4/data_files/inf190Cat1T2n1_R1.fastq.gz,/scr1/users/danielsg/sagori_run_4/data_files/inf190Cat1T2n1_R2.fastq.gz
inf169Cat3T4n1,/scr1/users/danielsg/sagori_run_4/data_files/inf169Cat3T4n1_R1.fastq.gz,/scr1/users/danielsg/sagori_run_4/data_files/inf169Cat3T4n1_R2.fastq.gz
inf171Cat1T8n1,/scr1/users/danielsg/sagori_run_4/data_files/inf171Cat1T8n1_R1.fastq.gz,/scr1/users/danielsg/sagori_run_4/data_files/inf171Cat1T8n1_R2.fastq.gz
inf181Cat3T1n1,/scr1/users/danielsg/sagori_run_4/data_files/inf181Cat3T1n1_R1.fastq.gz,/scr1/users/danielsg/sagori_run_4/data_files/inf181Cat3T1n1_R2.fastq.gz
inf178Cat3T2n1,/scr1/users/danielsg/sagori_run_4/data_files/inf178Cat3T2n1_R1.fastq.gz,/scr1/users/danielsg/sagori_run_4/data_files/inf178Cat3T2n1_R2.fastq.gz
inf172Cat3T8n1,/scr1/users/danielsg/sagori_run_4/data_files/inf172Cat3T8n1_R1.fastq.gz,/scr1/users/danielsg/sagori_run_4/data_files/inf172Cat3T8n1_R2.fastq.gz
inf167Cat3T1n1,/scr1/users/danielsg/sagori_run_4/data_files/inf167Cat3T1n1_R1.fastq.gz,/scr1/users/danielsg/sagori_run_4/data_files/inf167Cat3T1n1_R2.fastq.gz
inf174Cat3T7n1,/scr1/users/danielsg/sagori_run_4/data_files/inf174Cat3T7n1_R1.fastq.gz,/scr1/users/danielsg/sagori_run_4/data_files/inf174Cat3T7n1_R2.fastq.gz
inf175Cat3T7n1,/scr1/users/danielsg/sagori_run_4/data_files/inf175Cat3T7n1_R1.fastq.gz,/scr1/users/danielsg/sagori_run_4/data_files/inf175Cat3T7n1_R2.fastq.gz
inf194Cat1T5n1,/scr1/users/danielsg/sagori_run_4/data_files/inf194Cat1T5n1_R1.fastq.gz,/scr1/users/danielsg/sagori_run_4/data_files/inf194Cat1T5n1_R2.fastq.gz
inf205Cat2T8n1,/scr1/users/danielsg/sagori_run_4/data_files/inf205Cat2T8n1_R1.fastq.gz,/scr1/users/danielsg/sagori_run_4/data_files/inf205Cat2T8n1_R2.fastq.gz
inf197Cat1T7n1,/scr1/users/danielsg/sagori_run_4/data_files/inf197Cat1T7n1_R1.fastq.gz,/scr1/users/danielsg/sagori_run_4/data_files/inf197Cat1T7n1_R2.fastq.gz
inf144Cat3T7n1,/scr1/users/danielsg/sagori_run_4/data_files/inf144Cat3T7n1_R1.fastq.gz,/scr1/users/danielsg/sagori_run_4/data_files/inf144Cat3T7n1_R2.fastq.gz
inf150Cat3T8n1,/scr1/users/danielsg/sagori_run_4/data_files/inf150Cat3T8n1_R1.fastq.gz,/scr1/users/danielsg/sagori_run_4/data_files/inf150Cat3T8n1_R2.fastq.gz
inf134Cat1T8n1,/scr1/users/danielsg/sagori_run_4/data_files/inf134Cat1T8n1_R1.fastq.gz,/scr1/users/danielsg/sagori_run_4/data_files/inf134Cat1T8n1_R2.fastq.gz
inf207Cat3T4n1,/scr1/users/danielsg/sagori_run_4/data_files/inf207Cat3T4n1_R1.fastq.gz,/scr1/users/danielsg/sagori_run_4/data_files/inf207Cat3T4n1_R2.fastq.gz
inf203Cat3T1n1,/scr1/users/danielsg/sagori_run_4/data_files/inf203Cat3T1n1_R1.fastq.gz,/scr1/users/danielsg/sagori_run_4/data_files/inf203Cat3T1n1_R2.fastq.gz
inf158Cat3T7n1,/scr1/users/danielsg/sagori_run_4/data_files/inf158Cat3T7n1_R1.fastq.gz,/scr1/users/danielsg/sagori_run_4/data_files/inf158Cat3T7n1_R2.fastq.gz
inf204Cat1T8n1,/scr1/users/danielsg/sagori_run_4/data_files/inf204Cat1T8n1_R1.fastq.gz,/scr1/users/danielsg/sagori_run_4/data_files/inf204Cat1T8n1_R2.fastq.gz
inf201Cat1T6n1,/scr1/users/danielsg/sagori_run_4/data_files/inf201Cat1T6n1_R1.fastq.gz,/scr1/users/danielsg/sagori_run_4/data_files/inf201Cat1T6n1_R2.fastq.gz
inf210Cat1T3n1,/scr1/users/danielsg/sagori_run_4/data_files/inf210Cat1T3n1_R1.fastq.gz,/scr1/users/danielsg/sagori_run_4/data_files/inf210Cat1T3n1_R2.fastq.gz
inf127Cat1T8n1,/scr1/users/danielsg/sagori_run_4/data_files/inf127Cat1T8n1_R1.fastq.gz,/scr1/users/danielsg/sagori_run_4/data_files/inf127Cat1T8n1_R2.fastq.gz
inf197Cat1T8n1,/scr1/users/danielsg/sagori_run_4/data_files/inf197Cat1T8n1_R1.fastq.gz,/scr1/users/danielsg/sagori_run_4/data_files/inf197Cat1T8n1_R2.fastq.gz
inf206Cat1T1n1,/scr1/users/danielsg/sagori_run_4/data_files/inf206Cat1T1n1_R1.fastq.gz,/scr1/users/danielsg/sagori_run_4/data_files/inf206Cat1T1n1_R2.fastq.gz
inf136Cat1T7n1,/scr1/users/danielsg/sagori_run_4/data_files/inf136Cat1T7n1_R1.fastq.gz,/scr1/users/danielsg/sagori_run_4/data_files/inf136Cat1T7n1_R2.fastq.gz
inf201Cat1T7n1,/scr1/users/danielsg/sagori_run_4/data_files/inf201Cat1T7n1_R1.fastq.gz,/scr1/users/danielsg/sagori_run_4/data_files/inf201Cat1T7n1_R2.fastq.gz
inf144Cat3T8n1,/scr1/users/danielsg/sagori_run_4/data_files/inf144Cat3T8n1_R1.fastq.gz,/scr1/users/danielsg/sagori_run_4/data_files/inf144Cat3T8n1_R2.fastq.gz
inf205Cat2T1n1,/scr1/users/danielsg/sagori_run_4/data_files/inf205Cat2T1n1_R1.fastq.gz,/scr1/users/danielsg/sagori_run_4/data_files/inf205Cat2T1n1_R2.fastq.gz
inf203Cat3T8n1,/scr1/users/danielsg/sagori_run_4/data_files/inf203Cat3T8n1_R1.fastq.gz,/scr1/users/danielsg/sagori_run_4/data_files/inf203Cat3T8n1_R2.fastq.gz
inf128Cat3T7n1,/scr1/users/danielsg/sagori_run_4/data_files/inf128Cat3T7n1_R1.fastq.gz,/scr1/users/danielsg/sagori_run_4/data_files/inf128Cat3T7n1_R2.fastq.gz
inf207Cat3T5n1,/scr1/users/danielsg/sagori_run_4/data_files/inf207Cat3T5n1_R1.fastq.gz,/scr1/users/danielsg/sagori_run_4/data_files/inf207Cat3T5n1_R2.fastq.gz
inf153Cat3T7n1,/scr1/users/danielsg/sagori_run_4/data_files/inf153Cat3T7n1_R1.fastq.gz,/scr1/users/danielsg/sagori_run_4/data_files/inf153Cat3T7n1_R2.fastq.gz
inf203Cat3T2n1,/scr1/users/danielsg/sagori_run_4/data_files/inf203Cat3T2n1_R1.fastq.gz,/scr1/users/danielsg/sagori_run_4/data_files/inf203Cat3T2n1_R2.fastq.gz
inf210Cat1T5n1,/scr1/users/danielsg/sagori_run_4/data_files/inf210Cat1T5n1_R1.fastq.gz,/scr1/users/danielsg/sagori_run_4/data_files/inf210Cat1T5n1_R2.fastq.gz
inf204Cat1T0n1,/scr1/users/danielsg/sagori_run_4/data_files/inf204Cat1T0n1_R1.fastq.gz,/scr1/users/danielsg/sagori_run_4/data_files/inf204Cat1T0n1_R2.fastq.gz
inf202Cat1T1n1,/scr1/users/danielsg/sagori_run_4/data_files/inf202Cat1T1n1_R1.fastq.gz,/scr1/users/danielsg/sagori_run_4/data_files/inf202Cat1T1n1_R2.fastq.gz
inf203Cat3T3n1,/scr1/users/danielsg/sagori_run_4/data_files/inf203Cat3T3n1_R1.fastq.gz,/scr1/users/danielsg/sagori_run_4/data_files/inf203Cat3T3n1_R2.fastq.gz
inf199Cat3T8n1,/scr1/users/danielsg/sagori_run_4/data_files/inf199Cat3T8n1_R1.fastq.gz,/scr1/users/danielsg/sagori_run_4/data_files/inf199Cat3T8n1_R2.fastq.gz
DNAfreewater5,/scr1/users/danielsg/sagori_run_4/data_files/DNAfreewater5_R1.fastq.gz,/scr1/users/danielsg/sagori_run_4/data_files/DNAfreewater5_R2.fastq.gz
inf136Cat1T8n1,/scr1/users/danielsg/sagori_run_4/data_files/inf136Cat1T8n1_R1.fastq.gz,/scr1/users/danielsg/sagori_run_4/data_files/inf136Cat1T8n1_R2.fastq.gz
inf207Cat3T6n1,/scr1/users/danielsg/sagori_run_4/data_files/inf207Cat3T6n1_R1.fastq.gz,/scr1/users/danielsg/sagori_run_4/data_files/inf207Cat3T6n1_R2.fastq.gz
inf153Cat3T8n1,/scr1/users/danielsg/sagori_run_4/data_files/inf153Cat3T8n1_R1.fastq.gz,/scr1/users/danielsg/sagori_run_4/data_files/inf153Cat3T8n1_R2.fastq.gz
inf205Cat2T2n1,/scr1/users/danielsg/sagori_run_4/data_files/inf205Cat2T2n1_R1.fastq.gz,/scr1/users/danielsg/sagori_run_4/data_files/inf205Cat2T2n1_R2.fastq.gz
inf145Cat1T8n1,/scr1/users/danielsg/sagori_run_4/data_files/inf145Cat1T8n1_R1.fastq.gz,/scr1/users/danielsg/sagori_run_4/data_files/inf145Cat1T8n1_R2.fastq.gz
inf210Cat1T6n1,/scr1/users/danielsg/sagori_run_4/data_files/inf210Cat1T6n1_R1.fastq.gz,/scr1/users/danielsg/sagori_run_4/data_files/inf210Cat1T6n1_R2.fastq.gz
inf206Cat1T2n1,/scr1/users/danielsg/sagori_run_4/data_files/inf206Cat1T2n1_R1.fastq.gz,/scr1/users/danielsg/sagori_run_4/data_files/inf206Cat1T2n1_R2.fastq.gz
inf207Cat3T7n1,/scr1/users/danielsg/sagori_run_4/data_files/inf207Cat3T7n1_R1.fastq.gz,/scr1/users/danielsg/sagori_run_4/data_files/inf207Cat3T7n1_R2.fastq.gz
inf203Cat3T4n1,/scr1/users/danielsg/sagori_run_4/data_files/inf203Cat3T4n1_R1.fastq.gz,/scr1/users/danielsg/sagori_run_4/data_files/inf203Cat3T4n1_R2.fastq.gz
inf129Cat1T7n1,/scr1/users/danielsg/sagori_run_4/data_files/inf129Cat1T7n1_R1.fastq.gz,/scr1/users/danielsg/sagori_run_4/data_files/inf129Cat1T7n1_R2.fastq.gz
Extractblankswab6,/scr1/users/danielsg/sagori_run_4/data_files/Extractblankswab6_R1.fastq.gz,/scr1/users/danielsg/sagori_run_4/data_files/Extractblankswab6_R2.fastq.gz
inf154Cat2T7n1,/scr1/users/danielsg/sagori_run_4/data_files/inf154Cat2T7n1_R1.fastq.gz,/scr1/users/danielsg/sagori_run_4/data_files/inf154Cat2T7n1_R2.fastq.gz
inf202Cat1T2n1,/scr1/users/danielsg/sagori_run_4/data_files/inf202Cat1T2n1_R1.fastq.gz,/scr1/users/danielsg/sagori_run_4/data_files/inf202Cat1T2n1_R2.fastq.gz
inf146Cat1T8n1,/scr1/users/danielsg/sagori_run_4/data_files/inf146Cat1T8n1_R1.fastq.gz,/scr1/users/danielsg/sagori_run_4/data_files/inf146Cat1T8n1_R2.fastq.gz
inf204Cat1T2n1,/scr1/users/danielsg/sagori_run_4/data_files/inf204Cat1T2n1_R1.fastq.gz,/scr1/users/danielsg/sagori_run_4/data_files/inf204Cat1T2n1_R2.fastq.gz
inf124Cat1T7n1,/scr1/users/danielsg/sagori_run_4/data_files/inf124Cat1T7n1_R1.fastq.gz,/scr1/users/danielsg/sagori_run_4/data_files/inf124Cat1T7n1_R2.fastq.gz
inf206Cat1T4n1,/scr1/users/danielsg/sagori_run_4/data_files/inf206Cat1T4n1_R1.fastq.gz,/scr1/users/danielsg/sagori_run_4/data_files/inf206Cat1T4n1_R2.fastq.gz
inf139Cat3T8n1,/scr1/users/danielsg/sagori_run_4/data_files/inf139Cat3T8n1_R1.fastq.gz,/scr1/users/danielsg/sagori_run_4/data_files/inf139Cat3T8n1_R2.fastq.gz
inf201Cat1T1n1,/scr1/users/danielsg/sagori_run_4/data_files/inf201Cat1T1n1_R1.fastq.gz,/scr1/users/danielsg/sagori_run_4/data_files/inf201Cat1T1n1_R2.fastq.gz
inf203Cat3T5n1,/scr1/users/danielsg/sagori_run_4/data_files/inf203Cat3T5n1_R1.fastq.gz,/scr1/users/danielsg/sagori_run_4/data_files/inf203Cat3T5n1_R2.fastq.gz
inf202Cat1T3n1,/scr1/users/danielsg/sagori_run_4/data_files/inf202Cat1T3n1_R1.fastq.gz,/scr1/users/danielsg/sagori_run_4/data_files/inf202Cat1T3n1_R2.fastq.gz
inf205Cat2T4n1,/scr1/users/danielsg/sagori_run_4/data_files/inf205Cat2T4n1_R1.fastq.gz,/scr1/users/danielsg/sagori_run_4/data_files/inf205Cat2T4n1_R2.fastq.gz
inf204Cat1T3n1,/scr1/users/danielsg/sagori_run_4/data_files/inf204Cat1T3n1_R1.fastq.gz,/scr1/users/danielsg/sagori_run_4/data_files/inf204Cat1T3n1_R2.fastq.gz
inf147Cat1T8n1,/scr1/users/danielsg/sagori_run_4/data_files/inf147Cat1T8n1_R1.fastq.gz,/scr1/users/danielsg/sagori_run_4/data_files/inf147Cat1T8n1_R2.fastq.gz
inf158Cat3T8n1,/scr1/users/danielsg/sagori_run_4/data_files/inf158Cat3T8n1_R1.fastq.gz,/scr1/users/danielsg/sagori_run_4/data_files/inf158Cat3T8n1_R2.fastq.gz
inf124Cat1T8n1,/scr1/users/danielsg/sagori_run_4/data_files/inf124Cat1T8n1_R1.fastq.gz,/scr1/users/danielsg/sagori_run_4/data_files/inf124Cat1T8n1_R2.fastq.gz
inf206Cat1T5n1,/scr1/users/danielsg/sagori_run_4/data_files/inf206Cat1T5n1_R1.fastq.gz,/scr1/users/danielsg/sagori_run_4/data_files/inf206Cat1T5n1_R2.fastq.gz
inf140Cat3T8n1,/scr1/users/danielsg/sagori_run_4/data_files/inf140Cat3T8n1_R1.fastq.gz,/scr1/users/danielsg/sagori_run_4/data_files/inf140Cat3T8n1_R2.fastq.gz
inf201Cat1T3n1,/scr1/users/danielsg/sagori_run_4/data_files/inf201Cat1T3n1_R1.fastq.gz,/scr1/users/danielsg/sagori_run_4/data_files/inf201Cat1T3n1_R2.fastq.gz
Extractemptywell5,/scr1/users/danielsg/sagori_run_4/data_files/Extractemptywell5_R1.fastq.gz,/scr1/users/danielsg/sagori_run_4/data_files/Extractemptywell5_R2.fastq.gz
inf129Cat1T8n1,/scr1/users/danielsg/sagori_run_4/data_files/inf129Cat1T8n1_R1.fastq.gz,/scr1/users/danielsg/sagori_run_4/data_files/inf129Cat1T8n1_R2.fastq.gz
inf125Cat1T7n1,/scr1/users/danielsg/sagori_run_4/data_files/inf125Cat1T7n1_R1.fastq.gz,/scr1/users/danielsg/sagori_run_4/data_files/inf125Cat1T7n1_R2.fastq.gz
inf203Cat3T6n1,/scr1/users/danielsg/sagori_run_4/data_files/inf203Cat3T6n1_R1.fastq.gz,/scr1/users/danielsg/sagori_run_4/data_files/inf203Cat3T6n1_R2.fastq.gz
inf207Cat3T8n1,/scr1/users/danielsg/sagori_run_4/data_files/inf207Cat3T8n1_R1.fastq.gz,/scr1/users/danielsg/sagori_run_4/data_files/inf207Cat3T8n1_R2.fastq.gz
inf205Cat2T5n1,/scr1/users/danielsg/sagori_run_4/data_files/inf205Cat2T5n1_R1.fastq.gz,/scr1/users/danielsg/sagori_run_4/data_files/inf205Cat2T5n1_R2.fastq.gz
inf154Cat2T8n1,/scr1/users/danielsg/sagori_run_4/data_files/inf154Cat2T8n1_R1.fastq.gz,/scr1/users/danielsg/sagori_run_4/data_files/inf154Cat2T8n1_R2.fastq.gz
inf202Cat1T4n1,/scr1/users/danielsg/sagori_run_4/data_files/inf202Cat1T4n1_R1.fastq.gz,/scr1/users/danielsg/sagori_run_4/data_files/inf202Cat1T4n1_R2.fastq.gz
inf148Cat3T7n1,/scr1/users/danielsg/sagori_run_4/data_files/inf148Cat3T7n1_R1.fastq.gz,/scr1/users/danielsg/sagori_run_4/data_files/inf148Cat3T7n1_R2.fastq.gz
inf141Cat2T7n1,/scr1/users/danielsg/sagori_run_4/data_files/inf141Cat2T7n1_R1.fastq.gz,/scr1/users/danielsg/sagori_run_4/data_files/inf141Cat2T7n1_R2.fastq.gz
inf206Cat1T6n1,/scr1/users/danielsg/sagori_run_4/data_files/inf206Cat1T6n1_R1.fastq.gz,/scr1/users/danielsg/sagori_run_4/data_files/inf206Cat1T6n1_R2.fastq.gz
inf201Cat1T4n1,/scr1/users/danielsg/sagori_run_4/data_files/inf201Cat1T4n1_R1.fastq.gz,/scr1/users/danielsg/sagori_run_4/data_files/inf201Cat1T4n1_R2.fastq.gz
inf132Cat3T8n1,/scr1/users/danielsg/sagori_run_4/data_files/inf132Cat3T8n1_R1.fastq.gz,/scr1/users/danielsg/sagori_run_4/data_files/inf132Cat3T8n1_R2.fastq.gz
inf204Cat1T4n1,/scr1/users/danielsg/sagori_run_4/data_files/inf204Cat1T4n1_R1.fastq.gz,/scr1/users/danielsg/sagori_run_4/data_files/inf204Cat1T4n1_R2.fastq.gz
inf142Cat3T8n1,/scr1/users/danielsg/sagori_run_4/data_files/inf142Cat3T8n1_R1.fastq.gz,/scr1/users/danielsg/sagori_run_4/data_files/inf142Cat3T8n1_R2.fastq.gz
inf205Cat2T6n1,/scr1/users/danielsg/sagori_run_4/data_files/inf205Cat2T6n1_R1.fastq.gz,/scr1/users/danielsg/sagori_run_4/data_files/inf205Cat2T6n1_R2.fastq.gz
inf210Cat1T1n1,/scr1/users/danielsg/sagori_run_4/data_files/inf210Cat1T1n1_R1.fastq.gz,/scr1/users/danielsg/sagori_run_4/data_files/inf210Cat1T1n1_R2.fastq.gz
inf148Cat3T8n1,/scr1/users/danielsg/sagori_run_4/data_files/inf148Cat3T8n1_R1.fastq.gz,/scr1/users/danielsg/sagori_run_4/data_files/inf148Cat3T8n1_R2.fastq.gz
inf202Cat1T5n1,/scr1/users/danielsg/sagori_run_4/data_files/inf202Cat1T5n1_R1.fastq.gz,/scr1/users/danielsg/sagori_run_4/data_files/inf202Cat1T5n1_R2.fastq.gz
inf156Cat2T7n1,/scr1/users/danielsg/sagori_run_4/data_files/inf156Cat2T7n1_R1.fastq.gz,/scr1/users/danielsg/sagori_run_4/data_files/inf156Cat2T7n1_R2.fastq.gz
inf125Cat1T8n1,/scr1/users/danielsg/sagori_run_4/data_files/inf125Cat1T8n1_R1.fastq.gz,/scr1/users/danielsg/sagori_run_4/data_files/inf125Cat1T8n1_R2.fastq.gz
inf206Cat1T7n1,/scr1/users/danielsg/sagori_run_4/data_files/inf206Cat1T7n1_R1.fastq.gz,/scr1/users/danielsg/sagori_run_4/data_files/inf206Cat1T7n1_R2.fastq.gz
mockdna5,/scr1/users/danielsg/sagori_run_4/data_files/mockdna5_R1.fastq.gz,/scr1/users/danielsg/sagori_run_4/data_files/mockdna5_R2.fastq.gz
Extractblankswab5,/scr1/users/danielsg/sagori_run_4/data_files/Extractblankswab5_R1.fastq.gz,/scr1/users/danielsg/sagori_run_4/data_files/Extractblankswab5_R2.fastq.gz
inf133Cat3T7n1,/scr1/users/danielsg/sagori_run_4/data_files/inf133Cat3T7n1_R1.fastq.gz,/scr1/users/danielsg/sagori_run_4/data_files/inf133Cat3T7n1_R2.fastq.gz
inf204Cat1T5n1,/scr1/users/danielsg/sagori_run_4/data_files/inf204Cat1T5n1_R1.fastq.gz,/scr1/users/danielsg/sagori_run_4/data_files/inf204Cat1T5n1_R2.fastq.gz
inf150Cat3T7n1,/scr1/users/danielsg/sagori_run_4/data_files/inf150Cat3T7n1_R1.fastq.gz,/scr1/users/danielsg/sagori_run_4/data_files/inf150Cat3T7n1_R2.fastq.gz
inf207Cat3T2n1,/scr1/users/danielsg/sagori_run_4/data_files/inf207Cat3T2n1_R1.fastq.gz,/scr1/users/danielsg/sagori_run_4/data_files/inf207Cat3T2n1_R2.fastq.gz
inf210Cat1T2n1,/scr1/users/danielsg/sagori_run_4/data_files/inf210Cat1T2n1_R1.fastq.gz,/scr1/users/danielsg/sagori_run_4/data_files/inf210Cat1T2n1_R2.fastq.gz
inf205Cat2T7n1,/scr1/users/danielsg/sagori_run_4/data_files/inf205Cat2T7n1_R1.fastq.gz,/scr1/users/danielsg/sagori_run_4/data_files/inf205Cat2T7n1_R2.fastq.gz
inf201Cat1T5n1,/scr1/users/danielsg/sagori_run_4/data_files/inf201Cat1T5n1_R1.fastq.gz,/scr1/users/danielsg/sagori_run_4/data_files/inf201Cat1T5n1_R2.fastq.gz
inf127Cat1T7n1,/scr1/users/danielsg/sagori_run_4/data_files/inf127Cat1T7n1_R1.fastq.gz,/scr1/users/danielsg/sagori_run_4/data_files/inf127Cat1T7n1_R2.fastq.gz
inf202Cat1T6n1,/scr1/users/danielsg/sagori_run_4/data_files/inf202Cat1T6n1_R1.fastq.gz,/scr1/users/danielsg/sagori_run_4/data_files/inf202Cat1T6n1_R2.fastq.gz
inf133Cat3T8n1,/scr1/users/danielsg/sagori_run_4/data_files/inf133Cat3T8n1_R1.fastq.gz,/scr1/users/danielsg/sagori_run_4/data_files/inf133Cat3T8n1_R2.fastq.gz
inf156Cat2T8n1,/scr1/users/danielsg/sagori_run_4/data_files/inf156Cat2T8n1_R1.fastq.gz,/scr1/users/danielsg/sagori_run_4/data_files/inf156Cat2T8n1_R2.fastq.gz
inf203Cat3T7n1,/scr1/users/danielsg/sagori_run_4/data_files/inf203Cat3T7n1_R1.fastq.gz,/scr1/users/danielsg/sagori_run_4/data_files/inf203Cat3T7n1_R2.fastq.gz
Extractemptywell6,/scr1/users/danielsg/sagori_run_4/data_files/Extractemptywell6_R1.fastq.gz,/scr1/users/danielsg/sagori_run_4/data_files/Extractemptywell6_R2.fastq.gz
inf204Cat1T6n1,/scr1/users/danielsg/sagori_run_4/data_files/inf204Cat1T6n1_R1.fastq.gz,/scr1/users/danielsg/sagori_run_4/data_files/inf204Cat1T6n1_R2.fastq.gz
inf99101Cat3T3n1run5,/scr1/users/danielsg/sagori_run_5/data_files/inf99101Cat3T3n1run5_R1.fastq.gz,/scr1/users/danielsg/sagori_run_5/data_files/inf99101Cat3T3n1run5_R2.fastq.gz
inf99107Cat2T8n1run5,/scr1/users/danielsg/sagori_run_5/data_files/inf99107Cat2T8n1run5_R1.fastq.gz,/scr1/users/danielsg/sagori_run_5/data_files/inf99107Cat2T8n1run5_R2.fastq.gz
inf177Cat3T9n1run5,/scr1/users/danielsg/sagori_run_5/data_files/inf177Cat3T9n1run5_R1.fastq.gz,/scr1/users/danielsg/sagori_run_5/data_files/inf177Cat3T9n1run5_R2.fastq.gz
inf99103Cat3T10n1run5,/scr1/users/danielsg/sagori_run_5/data_files/inf99103Cat3T10n1run5_R1.fastq.gz,/scr1/users/danielsg/sagori_run_5/data_files/inf99103Cat3T10n1run5_R2.fastq.gz
inf99111Cat3T10n1run5,/scr1/users/danielsg/sagori_run_5/data_files/inf99111Cat3T10n1run5_R1.fastq.gz,/scr1/users/danielsg/sagori_run_5/data_files/inf99111Cat3T10n1run5_R2.fastq.gz
inf176Cat3T9n1run5,/scr1/users/danielsg/sagori_run_5/data_files/inf176Cat3T9n1run5_R1.fastq.gz,/scr1/users/danielsg/sagori_run_5/data_files/inf176Cat3T9n1run5_R2.fastq.gz
inf99106Cat3T5n1run5,/scr1/users/danielsg/sagori_run_5/data_files/inf99106Cat3T5n1run5_R1.fastq.gz,/scr1/users/danielsg/sagori_run_5/data_files/inf99106Cat3T5n1run5_R2.fastq.gz
inf99114Cat3T4n1run5,/scr1/users/danielsg/sagori_run_5/data_files/inf99114Cat3T4n1run5_R1.fastq.gz,/scr1/users/danielsg/sagori_run_5/data_files/inf99114Cat3T4n1run5_R2.fastq.gz
inf99102Cat3T4n1run5,/scr1/users/danielsg/sagori_run_5/data_files/inf99102Cat3T4n1run5_R1.fastq.gz,/scr1/users/danielsg/sagori_run_5/data_files/inf99102Cat3T4n1run5_R2.fastq.gz
inf99110Cat3T3n1run5,/scr1/users/danielsg/sagori_run_5/data_files/inf99110Cat3T3n1run5_R1.fastq.gz,/scr1/users/danielsg/sagori_run_5/data_files/inf99110Cat3T3n1run5_R2.fastq.gz
inf184Cat1T9n1run5,/scr1/users/danielsg/sagori_run_5/data_files/inf184Cat1T9n1run5_R1.fastq.gz,/scr1/users/danielsg/sagori_run_5/data_files/inf184Cat1T9n1run5_R2.fastq.gz
inf99105Cat1T2n1run5,/scr1/users/danielsg/sagori_run_5/data_files/inf99105Cat1T2n1run5_R1.fastq.gz,/scr1/users/danielsg/sagori_run_5/data_files/inf99105Cat1T2n1run5_R2.fastq.gz
inf192Cat1T10n1run5,/scr1/users/danielsg/sagori_run_5/data_files/inf192Cat1T10n1run5_R1.fastq.gz,/scr1/users/danielsg/sagori_run_5/data_files/inf192Cat1T10n1run5_R2.fastq.gz
inf211Cat3T12n1run5,/scr1/users/danielsg/sagori_run_5/data_files/inf211Cat3T12n1run5_R1.fastq.gz,/scr1/users/danielsg/sagori_run_5/data_files/inf211Cat3T12n1run5_R2.fastq.gz
inf216Cat3T3n1run5,/scr1/users/danielsg/sagori_run_5/data_files/inf216Cat3T3n1run5_R1.fastq.gz,/scr1/users/danielsg/sagori_run_5/data_files/inf216Cat3T3n1run5_R2.fastq.gz
inf99115Cat3T7n1run5,/scr1/users/danielsg/sagori_run_5/data_files/inf99115Cat3T7n1run5_R1.fastq.gz,/scr1/users/danielsg/sagori_run_5/data_files/inf99115Cat3T7n1run5_R2.fastq.gz
inf203Cat3T13n1run5,/scr1/users/danielsg/sagori_run_5/data_files/inf203Cat3T13n1run5_R1.fastq.gz,/scr1/users/danielsg/sagori_run_5/data_files/inf203Cat3T13n1run5_R2.fastq.gz
inf212Cat3T13n1run5,/scr1/users/danielsg/sagori_run_5/data_files/inf212Cat3T13n1run5_R1.fastq.gz,/scr1/users/danielsg/sagori_run_5/data_files/inf212Cat3T13n1run5_R2.fastq.gz
inf208Cat3T2n1run5,/scr1/users/danielsg/sagori_run_5/data_files/inf208Cat3T2n1run5_R1.fastq.gz,/scr1/users/danielsg/sagori_run_5/data_files/inf208Cat3T2n1run5_R2.fastq.gz
inf214Cat3T4n1run5,/scr1/users/danielsg/sagori_run_5/data_files/inf214Cat3T4n1run5_R1.fastq.gz,/scr1/users/danielsg/sagori_run_5/data_files/inf214Cat3T4n1run5_R2.fastq.gz
inf99113Cat3T2n1run5,/scr1/users/danielsg/sagori_run_5/data_files/inf99113Cat3T2n1run5_R1.fastq.gz,/scr1/users/danielsg/sagori_run_5/data_files/inf99113Cat3T2n1run5_R2.fastq.gz
inf210Cat3T11n1run5,/scr1/users/danielsg/sagori_run_5/data_files/inf210Cat3T11n1run5_R1.fastq.gz,/scr1/users/danielsg/sagori_run_5/data_files/inf210Cat3T11n1run5_R2.fastq.gz
inf209Cat3T8n1run5,/scr1/users/danielsg/sagori_run_5/data_files/inf209Cat3T8n1run5_R1.fastq.gz,/scr1/users/danielsg/sagori_run_5/data_files/inf209Cat3T8n1run5_R2.fastq.gz
inf99101Cat3T5n1run5,/scr1/users/danielsg/sagori_run_5/data_files/inf99101Cat3T5n1run5_R1.fastq.gz,/scr1/users/danielsg/sagori_run_5/data_files/inf99101Cat3T5n1run5_R2.fastq.gz
inf99111Cat3T12n1run5,/scr1/users/danielsg/sagori_run_5/data_files/inf99111Cat3T12n1run5_R1.fastq.gz,/scr1/users/danielsg/sagori_run_5/data_files/inf99111Cat3T12n1run5_R2.fastq.gz
inf99110Cat3T6n1run5,/scr1/users/danielsg/sagori_run_5/data_files/inf99110Cat3T6n1run5_R1.fastq.gz,/scr1/users/danielsg/sagori_run_5/data_files/inf99110Cat3T6n1run5_R2.fastq.gz
inf99102Cat3T6n1run5,/scr1/users/danielsg/sagori_run_5/data_files/inf99102Cat3T6n1run5_R1.fastq.gz,/scr1/users/danielsg/sagori_run_5/data_files/inf99102Cat3T6n1run5_R2.fastq.gz
inf212Cat3T2n1run5,/scr1/users/danielsg/sagori_run_5/data_files/inf212Cat3T2n1run5_R1.fastq.gz,/scr1/users/danielsg/sagori_run_5/data_files/inf212Cat3T2n1run5_R2.fastq.gz
inf99107Cat2T10n1run5,/scr1/users/danielsg/sagori_run_5/data_files/inf99107Cat2T10n1run5_R1.fastq.gz,/scr1/users/danielsg/sagori_run_5/data_files/inf99107Cat2T10n1run5_R2.fastq.gz
inf99114Cat3T6n1run5,/scr1/users/danielsg/sagori_run_5/data_files/inf99114Cat3T6n1run5_R1.fastq.gz,/scr1/users/danielsg/sagori_run_5/data_files/inf99114Cat3T6n1run5_R2.fastq.gz
inf192Cat1T12n1run5,/scr1/users/danielsg/sagori_run_5/data_files/inf192Cat1T12n1run5_R1.fastq.gz,/scr1/users/danielsg/sagori_run_5/data_files/inf192Cat1T12n1run5_R2.fastq.gz
inf212Cat3T15n1run5,/scr1/users/danielsg/sagori_run_5/data_files/inf212Cat3T15n1run5_R1.fastq.gz,/scr1/users/danielsg/sagori_run_5/data_files/inf212Cat3T15n1run5_R2.fastq.gz
inf176Cat3T10n1run5,/scr1/users/danielsg/sagori_run_5/data_files/inf176Cat3T10n1run5_R1.fastq.gz,/scr1/users/danielsg/sagori_run_5/data_files/inf176Cat3T10n1run5_R2.fastq.gz
inf99106Cat3T8n1run5,/scr1/users/danielsg/sagori_run_5/data_files/inf99106Cat3T8n1run5_R1.fastq.gz,/scr1/users/danielsg/sagori_run_5/data_files/inf99106Cat3T8n1run5_R2.fastq.gz
inf214Cat3T6n1run5,/scr1/users/danielsg/sagori_run_5/data_files/inf214Cat3T6n1run5_R1.fastq.gz,/scr1/users/danielsg/sagori_run_5/data_files/inf214Cat3T6n1run5_R2.fastq.gz
inf99113Cat3T4n1run5,/scr1/users/danielsg/sagori_run_5/data_files/inf99113Cat3T4n1run5_R1.fastq.gz,/scr1/users/danielsg/sagori_run_5/data_files/inf99113Cat3T4n1run5_R2.fastq.gz
inf177Cat3T11n1run5,/scr1/users/danielsg/sagori_run_5/data_files/inf177Cat3T11n1run5_R1.fastq.gz,/scr1/users/danielsg/sagori_run_5/data_files/inf177Cat3T11n1run5_R2.fastq.gz
inf184Cat1T12n1run5,/scr1/users/danielsg/sagori_run_5/data_files/inf184Cat1T12n1run5_R1.fastq.gz,/scr1/users/danielsg/sagori_run_5/data_files/inf184Cat1T12n1run5_R2.fastq.gz
inf99105Cat1T6n1run5,/scr1/users/danielsg/sagori_run_5/data_files/inf99105Cat1T6n1run5_R1.fastq.gz,/scr1/users/danielsg/sagori_run_5/data_files/inf99105Cat1T6n1run5_R2.fastq.gz
inf99103Cat3T12n1run5,/scr1/users/danielsg/sagori_run_5/data_files/inf99103Cat3T12n1run5_R1.fastq.gz,/scr1/users/danielsg/sagori_run_5/data_files/inf99103Cat3T12n1run5_R2.fastq.gz
inf204Cat1T2n1run5,/scr1/users/danielsg/sagori_run_5/data_files/inf204Cat1T2n1run5_R1.fastq.gz,/scr1/users/danielsg/sagori_run_5/data_files/inf204Cat1T2n1run5_R2.fastq.gz
inf209Cat3T10n1run5,/scr1/users/danielsg/sagori_run_5/data_files/inf209Cat3T10n1run5_R1.fastq.gz,/scr1/users/danielsg/sagori_run_5/data_files/inf209Cat3T10n1run5_R2.fastq.gz
inf99116Cat3T2n1run5,/scr1/users/danielsg/sagori_run_5/data_files/inf99116Cat3T2n1run5_R1.fastq.gz,/scr1/users/danielsg/sagori_run_5/data_files/inf99116Cat3T2n1run5_R2.fastq.gz
inf210Cat3T12n1run5,/scr1/users/danielsg/sagori_run_5/data_files/inf210Cat3T12n1run5_R1.fastq.gz,/scr1/users/danielsg/sagori_run_5/data_files/inf210Cat3T12n1run5_R2.fastq.gz
inf208Cat3T4n1run5,/scr1/users/danielsg/sagori_run_5/data_files/inf208Cat3T4n1run5_R1.fastq.gz,/scr1/users/danielsg/sagori_run_5/data_files/inf208Cat3T4n1run5_R2.fastq.gz
inf216Cat3T6n1run5,/scr1/users/danielsg/sagori_run_5/data_files/inf216Cat3T6n1run5_R1.fastq.gz,/scr1/users/danielsg/sagori_run_5/data_files/inf216Cat3T6n1run5_R2.fastq.gz
inf99102Cat3T8n1run5,/scr1/users/danielsg/sagori_run_5/data_files/inf99102Cat3T8n1run5_R1.fastq.gz,/scr1/users/danielsg/sagori_run_5/data_files/inf99102Cat3T8n1run5_R2.fastq.gz
inf99101Cat3T8n1run5,/scr1/users/danielsg/sagori_run_5/data_files/inf99101Cat3T8n1run5_R1.fastq.gz,/scr1/users/danielsg/sagori_run_5/data_files/inf99101Cat3T8n1run5_R2.fastq.gz
inf195Cat1T2n1run5,/scr1/users/danielsg/sagori_run_5/data_files/inf195Cat1T2n1run5_R1.fastq.gz,/scr1/users/danielsg/sagori_run_5/data_files/inf195Cat1T2n1run5_R2.fastq.gz
DNAfreewater5.20210721,/scr1/users/danielsg/sagori_run_5/data_files/DNAfreewater5.20210721_R1.fastq.gz,/scr1/users/danielsg/sagori_run_5/data_files/DNAfreewater5.20210721_R2.fastq.gz
inf99110Cat3T8n1run5,/scr1/users/danielsg/sagori_run_5/data_files/inf99110Cat3T8n1run5_R1.fastq.gz,/scr1/users/danielsg/sagori_run_5/data_files/inf99110Cat3T8n1run5_R2.fastq.gz
inf99114Cat3T7n1run5,/scr1/users/danielsg/sagori_run_5/data_files/inf99114Cat3T7n1run5_R1.fastq.gz,/scr1/users/danielsg/sagori_run_5/data_files/inf99114Cat3T7n1run5_R2.fastq.gz
inf214Cat3T10n1run5,/scr1/users/danielsg/sagori_run_5/data_files/inf214Cat3T10n1run5_R1.fastq.gz,/scr1/users/danielsg/sagori_run_5/data_files/inf214Cat3T10n1run5_R2.fastq.gz
inf99104Cat3T1n1run5,/scr1/users/danielsg/sagori_run_5/data_files/inf99104Cat3T1n1run5_R1.fastq.gz,/scr1/users/danielsg/sagori_run_5/data_files/inf99104Cat3T1n1run5_R2.fastq.gz
DNAfreewater3.20210721,/scr1/users/danielsg/sagori_run_5/data_files/DNAfreewater3.20210721_R1.fastq.gz,/scr1/users/danielsg/sagori_run_5/data_files/DNAfreewater3.20210721_R2.fastq.gz
inf99106Cat3T10n1run5,/scr1/users/danielsg/sagori_run_5/data_files/inf99106Cat3T10n1run5_R1.fastq.gz,/scr1/users/danielsg/sagori_run_5/data_files/inf99106Cat3T10n1run5_R2.fastq.gz
inf99105Cat1T7n1run5,/scr1/users/danielsg/sagori_run_5/data_files/inf99105Cat1T7n1run5_R1.fastq.gz,/scr1/users/danielsg/sagori_run_5/data_files/inf99105Cat1T7n1run5_R2.fastq.gz
inf211Cat3T2n1run5,/scr1/users/danielsg/sagori_run_5/data_files/inf211Cat3T2n1run5_R1.fastq.gz,/scr1/users/danielsg/sagori_run_5/data_files/inf211Cat3T2n1run5_R2.fastq.gz
inf99111Cat3T13n1run5,/scr1/users/danielsg/sagori_run_5/data_files/inf99111Cat3T13n1run5_R1.fastq.gz,/scr1/users/danielsg/sagori_run_5/data_files/inf99111Cat3T13n1run5_R2.fastq.gz
inf99107Cat2T12n1run5,/scr1/users/danielsg/sagori_run_5/data_files/inf99107Cat2T12n1run5_R1.fastq.gz,/scr1/users/danielsg/sagori_run_5/data_files/inf99107Cat2T12n1run5_R2.fastq.gz
inf208Cat3T6n1run5,/scr1/users/danielsg/sagori_run_5/data_files/inf208Cat3T6n1run5_R1.fastq.gz,/scr1/users/danielsg/sagori_run_5/data_files/inf208Cat3T6n1run5_R2.fastq.gz
inf99116Cat3T3n1run5,/scr1/users/danielsg/sagori_run_5/data_files/inf99116Cat3T3n1run5_R1.fastq.gz,/scr1/users/danielsg/sagori_run_5/data_files/inf99116Cat3T3n1run5_R2.fastq.gz
inf204Cat1T10n1run5,/scr1/users/danielsg/sagori_run_5/data_files/inf204Cat1T10n1run5_R1.fastq.gz,/scr1/users/danielsg/sagori_run_5/data_files/inf204Cat1T10n1run5_R2.fastq.gz
inf213Cat3T2n1run5,/scr1/users/danielsg/sagori_run_5/data_files/inf213Cat3T2n1run5_R1.fastq.gz,/scr1/users/danielsg/sagori_run_5/data_files/inf213Cat3T2n1run5_R2.fastq.gz
inf188Cat3T1n1run5,/scr1/users/danielsg/sagori_run_5/data_files/inf188Cat3T1n1run5_R1.fastq.gz,/scr1/users/danielsg/sagori_run_5/data_files/inf188Cat3T1n1run5_R2.fastq.gz
inf216Cat3T10n1run5,/scr1/users/danielsg/sagori_run_5/data_files/inf216Cat3T10n1run5_R1.fastq.gz,/scr1/users/danielsg/sagori_run_5/data_files/inf216Cat3T10n1run5_R2.fastq.gz
inf176Cat3T11n1run5,/scr1/users/danielsg/sagori_run_5/data_files/inf176Cat3T11n1run5_R1.fastq.gz,/scr1/users/danielsg/sagori_run_5/data_files/inf176Cat3T11n1run5_R2.fastq.gz
inf209Cat3T12n1run5,/scr1/users/danielsg/sagori_run_5/data_files/inf209Cat3T12n1run5_R1.fastq.gz,/scr1/users/danielsg/sagori_run_5/data_files/inf209Cat3T12n1run5_R2.fastq.gz
inf177Cat3T14n1run5,/scr1/users/danielsg/sagori_run_5/data_files/inf177Cat3T14n1run5_R1.fastq.gz,/scr1/users/danielsg/sagori_run_5/data_files/inf177Cat3T14n1run5_R2.fastq.gz
inf99105Cat1T10n1run5,/scr1/users/danielsg/sagori_run_5/data_files/inf99105Cat1T10n1run5_R1.fastq.gz,/scr1/users/danielsg/sagori_run_5/data_files/inf99105Cat1T10n1run5_R2.fastq.gz
inf99102Cat3T10n1run5,/scr1/users/danielsg/sagori_run_5/data_files/inf99102Cat3T10n1run5_R1.fastq.gz,/scr1/users/danielsg/sagori_run_5/data_files/inf99102Cat3T10n1run5_R2.fastq.gz
inf217Cat2T2n1run5,/scr1/users/danielsg/sagori_run_5/data_files/inf217Cat2T2n1run5_R1.fastq.gz,/scr1/users/danielsg/sagori_run_5/data_files/inf217Cat2T2n1run5_R2.fastq.gz
inf176Cat3T14n1run5,/scr1/users/danielsg/sagori_run_5/data_files/inf176Cat3T14n1run5_R1.fastq.gz,/scr1/users/danielsg/sagori_run_5/data_files/inf176Cat3T14n1run5_R2.fastq.gz
inf99114Cat3T9n1run5,/scr1/users/danielsg/sagori_run_5/data_files/inf99114Cat3T9n1run5_R1.fastq.gz,/scr1/users/danielsg/sagori_run_5/data_files/inf99114Cat3T9n1run5_R2.fastq.gz
inf188Cat3T4n1run5,/scr1/users/danielsg/sagori_run_5/data_files/inf188Cat3T4n1run5_R1.fastq.gz,/scr1/users/danielsg/sagori_run_5/data_files/inf188Cat3T4n1run5_R2.fastq.gz
inf211Cat3T3n1run5,/scr1/users/danielsg/sagori_run_5/data_files/inf211Cat3T3n1run5_R1.fastq.gz,/scr1/users/danielsg/sagori_run_5/data_files/inf211Cat3T3n1run5_R2.fastq.gz
inf99101Cat3T10n1run5,/scr1/users/danielsg/sagori_run_5/data_files/inf99101Cat3T10n1run5_R1.fastq.gz,/scr1/users/danielsg/sagori_run_5/data_files/inf99101Cat3T10n1run5_R2.fastq.gz
inf99106Cat3T12n1run5,/scr1/users/danielsg/sagori_run_5/data_files/inf99106Cat3T12n1run5_R1.fastq.gz,/scr1/users/danielsg/sagori_run_5/data_files/inf99106Cat3T12n1run5_R2.fastq.gz
inf99107Cat2T13n1run5,/scr1/users/danielsg/sagori_run_5/data_files/inf99107Cat2T13n1run5_R1.fastq.gz,/scr1/users/danielsg/sagori_run_5/data_files/inf99107Cat2T13n1run5_R2.fastq.gz
inf99116Cat3T6n1run5,/scr1/users/danielsg/sagori_run_5/data_files/inf99116Cat3T6n1run5_R1.fastq.gz,/scr1/users/danielsg/sagori_run_5/data_files/inf99116Cat3T6n1run5_R2.fastq.gz
inf99113Cat3T6n1run5,/scr1/users/danielsg/sagori_run_5/data_files/inf99113Cat3T6n1run5_R1.fastq.gz,/scr1/users/danielsg/sagori_run_5/data_files/inf99113Cat3T6n1run5_R2.fastq.gz
inf99111Cat3T2n1run5,/scr1/users/danielsg/sagori_run_5/data_files/inf99111Cat3T2n1run5_R1.fastq.gz,/scr1/users/danielsg/sagori_run_5/data_files/inf99111Cat3T2n1run5_R2.fastq.gz
inf212Cat3T4n1run5,/scr1/users/danielsg/sagori_run_5/data_files/inf212Cat3T4n1run5_R1.fastq.gz,/scr1/users/danielsg/sagori_run_5/data_files/inf212Cat3T4n1run5_R2.fastq.gz
inf215Cat3T2n1run5,/scr1/users/danielsg/sagori_run_5/data_files/inf215Cat3T2n1run5_R1.fastq.gz,/scr1/users/danielsg/sagori_run_5/data_files/inf215Cat3T2n1run5_R2.fastq.gz
inf207Cat3T4n1run5,/scr1/users/danielsg/sagori_run_5/data_files/inf207Cat3T4n1run5_R1.fastq.gz,/scr1/users/danielsg/sagori_run_5/data_files/inf207Cat3T4n1run5_R2.fastq.gz
inf208Cat3T8n1run5,/scr1/users/danielsg/sagori_run_5/data_files/inf208Cat3T8n1run5_R1.fastq.gz,/scr1/users/danielsg/sagori_run_5/data_files/inf208Cat3T8n1run5_R2.fastq.gz
inf195Cat1T11n1run5,/scr1/users/danielsg/sagori_run_5/data_files/inf195Cat1T11n1run5_R1.fastq.gz,/scr1/users/danielsg/sagori_run_5/data_files/inf195Cat1T11n1run5_R2.fastq.gz
inf210Cat3T2n1run5,/scr1/users/danielsg/sagori_run_5/data_files/inf210Cat3T2n1run5_R1.fastq.gz,/scr1/users/danielsg/sagori_run_5/data_files/inf210Cat3T2n1run5_R2.fastq.gz
inf177Cat3T15n1run5,/scr1/users/danielsg/sagori_run_5/data_files/inf177Cat3T15n1run5_R1.fastq.gz,/scr1/users/danielsg/sagori_run_5/data_files/inf177Cat3T15n1run5_R2.fastq.gz
inf99104Cat3T4n1run5,/scr1/users/danielsg/sagori_run_5/data_files/inf99104Cat3T4n1run5_R1.fastq.gz,/scr1/users/danielsg/sagori_run_5/data_files/inf99104Cat3T4n1run5_R2.fastq.gz
inf213Cat3T4n1run5,/scr1/users/danielsg/sagori_run_5/data_files/inf213Cat3T4n1run5_R1.fastq.gz,/scr1/users/danielsg/sagori_run_5/data_files/inf213Cat3T4n1run5_R2.fastq.gz
inf99112Cat2T2n1run5,/scr1/users/danielsg/sagori_run_5/data_files/inf99112Cat2T2n1run5_R1.fastq.gz,/scr1/users/danielsg/sagori_run_5/data_files/inf99112Cat2T2n1run5_R2.fastq.gz
inf215Cat3T4n1run5,/scr1/users/danielsg/sagori_run_5/data_files/inf215Cat3T4n1run5_R1.fastq.gz,/scr1/users/danielsg/sagori_run_5/data_files/inf215Cat3T4n1run5_R2.fastq.gz
Extractemptywell5.20210721,/scr1/users/danielsg/sagori_run_5/data_files/Extractemptywell5.20210721_R1.fastq.gz,/scr1/users/danielsg/sagori_run_5/data_files/Extractemptywell5.20210721_R2.fastq.gz
inf99112Cat2T4n1run5,/scr1/users/danielsg/sagori_run_5/data_files/inf99112Cat2T4n1run5_R1.fastq.gz,/scr1/users/danielsg/sagori_run_5/data_files/inf99112Cat2T4n1run5_R2.fastq.gz
inf213Cat3T6n1run5,/scr1/users/danielsg/sagori_run_5/data_files/inf213Cat3T6n1run5_R1.fastq.gz,/scr1/users/danielsg/sagori_run_5/data_files/inf213Cat3T6n1run5_R2.fastq.gz
inf99102Cat3T11n1run5,/scr1/users/danielsg/sagori_run_5/data_files/inf99102Cat3T11n1run5_R1.fastq.gz,/scr1/users/danielsg/sagori_run_5/data_files/inf99102Cat3T11n1run5_R2.fastq.gz
inf217Cat2T3n1run5,/scr1/users/danielsg/sagori_run_5/data_files/inf217Cat2T3n1run5_R1.fastq.gz,/scr1/users/danielsg/sagori_run_5/data_files/inf217Cat2T3n1run5_R2.fastq.gz
inf99106Cat3T14n1run5,/scr1/users/danielsg/sagori_run_5/data_files/inf99106Cat3T14n1run5_R1.fastq.gz,/scr1/users/danielsg/sagori_run_5/data_files/inf99106Cat3T14n1run5_R2.fastq.gz
inf212Cat3T5n1run5,/scr1/users/danielsg/sagori_run_5/data_files/inf212Cat3T5n1run5_R1.fastq.gz,/scr1/users/danielsg/sagori_run_5/data_files/inf212Cat3T5n1run5_R2.fastq.gz
inf99104Cat3T6n1run5,/scr1/users/danielsg/sagori_run_5/data_files/inf99104Cat3T6n1run5_R1.fastq.gz,/scr1/users/danielsg/sagori_run_5/data_files/inf99104Cat3T6n1run5_R2.fastq.gz
inf99109Cat3T2n1run5,/scr1/users/danielsg/sagori_run_5/data_files/inf99109Cat3T2n1run5_R1.fastq.gz,/scr1/users/danielsg/sagori_run_5/data_files/inf99109Cat3T2n1run5_R2.fastq.gz
inf188Cat3T10n1run5,/scr1/users/danielsg/sagori_run_5/data_files/inf188Cat3T10n1run5_R1.fastq.gz,/scr1/users/danielsg/sagori_run_5/data_files/inf188Cat3T10n1run5_R2.fastq.gz
inf99114Cat3T11n1run5,/scr1/users/danielsg/sagori_run_5/data_files/inf99114Cat3T11n1run5_R1.fastq.gz,/scr1/users/danielsg/sagori_run_5/data_files/inf99114Cat3T11n1run5_R2.fastq.gz
inf99101Cat3T12n1run5,/scr1/users/danielsg/sagori_run_5/data_files/inf99101Cat3T12n1run5_R1.fastq.gz,/scr1/users/danielsg/sagori_run_5/data_files/inf99101Cat3T12n1run5_R2.fastq.gz
inf207Cat3T10n1run5,/scr1/users/danielsg/sagori_run_5/data_files/inf207Cat3T10n1run5_R1.fastq.gz,/scr1/users/danielsg/sagori_run_5/data_files/inf207Cat3T10n1run5_R2.fastq.gz
inf208Cat3T10n1run5,/scr1/users/danielsg/sagori_run_5/data_files/inf208Cat3T10n1run5_R1.fastq.gz,/scr1/users/danielsg/sagori_run_5/data_files/inf208Cat3T10n1run5_R2.fastq.gz
Extractemptywell3.20210721,/scr1/users/danielsg/sagori_run_5/data_files/Extractemptywell3.20210721_R1.fastq.gz,/scr1/users/danielsg/sagori_run_5/data_files/Extractemptywell3.20210721_R2.fastq.gz
inf197Cat1T2n1run5,/scr1/users/danielsg/sagori_run_5/data_files/inf197Cat1T2n1run5_R1.fastq.gz,/scr1/users/danielsg/sagori_run_5/data_files/inf197Cat1T2n1run5_R2.fastq.gz
inf211Cat3T5n1run5,/scr1/users/danielsg/sagori_run_5/data_files/inf211Cat3T5n1run5_R1.fastq.gz,/scr1/users/danielsg/sagori_run_5/data_files/inf211Cat3T5n1run5_R2.fastq.gz
inf183Cat1T1n1run5,/scr1/users/danielsg/sagori_run_5/data_files/inf183Cat1T1n1run5_R1.fastq.gz,/scr1/users/danielsg/sagori_run_5/data_files/inf183Cat1T1n1run5_R2.fastq.gz
inf99113Cat3T8n1run5,/scr1/users/danielsg/sagori_run_5/data_files/inf99113Cat3T8n1run5_R1.fastq.gz,/scr1/users/danielsg/sagori_run_5/data_files/inf99113Cat3T8n1run5_R2.fastq.gz
inf176Cat3T16n1run5,/scr1/users/danielsg/sagori_run_5/data_files/inf176Cat3T16n1run5_R1.fastq.gz,/scr1/users/danielsg/sagori_run_5/data_files/inf176Cat3T16n1run5_R2.fastq.gz
inf99105Cat1T12n1run5,/scr1/users/danielsg/sagori_run_5/data_files/inf99105Cat1T12n1run5_R1.fastq.gz,/scr1/users/danielsg/sagori_run_5/data_files/inf99105Cat1T12n1run5_R2.fastq.gz
inf99112Cat2T6n1run5,/scr1/users/danielsg/sagori_run_5/data_files/inf99112Cat2T6n1run5_R1.fastq.gz,/scr1/users/danielsg/sagori_run_5/data_files/inf99112Cat2T6n1run5_R2.fastq.gz
inf183Cat1T9n1run5,/scr1/users/danielsg/sagori_run_5/data_files/inf183Cat1T9n1run5_R1.fastq.gz,/scr1/users/danielsg/sagori_run_5/data_files/inf183Cat1T9n1run5_R2.fastq.gz
inf210Cat3T4n1run5,/scr1/users/danielsg/sagori_run_5/data_files/inf210Cat3T4n1run5_R1.fastq.gz,/scr1/users/danielsg/sagori_run_5/data_files/inf210Cat3T4n1run5_R2.fastq.gz
inf99106Cat3T15n1run5,/scr1/users/danielsg/sagori_run_5/data_files/inf99106Cat3T15n1run5_R1.fastq.gz,/scr1/users/danielsg/sagori_run_5/data_files/inf99106Cat3T15n1run5_R2.fastq.gz
inf99103Cat3T3n1run5,/scr1/users/danielsg/sagori_run_5/data_files/inf99103Cat3T3n1run5_R1.fastq.gz,/scr1/users/danielsg/sagori_run_5/data_files/inf99103Cat3T3n1run5_R2.fastq.gz
inf99111Cat3T4n1run5,/scr1/users/danielsg/sagori_run_5/data_files/inf99111Cat3T4n1run5_R1.fastq.gz,/scr1/users/danielsg/sagori_run_5/data_files/inf99111Cat3T4n1run5_R2.fastq.gz
inf177Cat3T2n1run5,/scr1/users/danielsg/sagori_run_5/data_files/inf177Cat3T2n1run5_R1.fastq.gz,/scr1/users/danielsg/sagori_run_5/data_files/inf177Cat3T2n1run5_R2.fastq.gz
inf213Cat3T7n1run5,/scr1/users/danielsg/sagori_run_5/data_files/inf213Cat3T7n1run5_R1.fastq.gz,/scr1/users/danielsg/sagori_run_5/data_files/inf213Cat3T7n1run5_R2.fastq.gz
inf212Cat3T7n1run5,/scr1/users/danielsg/sagori_run_5/data_files/inf212Cat3T7n1run5_R1.fastq.gz,/scr1/users/danielsg/sagori_run_5/data_files/inf212Cat3T7n1run5_R2.fastq.gz
inf99109Cat3T4n1run5,/scr1/users/danielsg/sagori_run_5/data_files/inf99109Cat3T4n1run5_R1.fastq.gz,/scr1/users/danielsg/sagori_run_5/data_files/inf99109Cat3T4n1run5_R2.fastq.gz
inf207Cat3T12n1run5,/scr1/users/danielsg/sagori_run_5/data_files/inf207Cat3T12n1run5_R1.fastq.gz,/scr1/users/danielsg/sagori_run_5/data_files/inf207Cat3T12n1run5_R2.fastq.gz
inf99115Cat3T2n1run5,/scr1/users/danielsg/sagori_run_5/data_files/inf99115Cat3T2n1run5_R1.fastq.gz,/scr1/users/danielsg/sagori_run_5/data_files/inf99115Cat3T2n1run5_R2.fastq.gz
inf99101Cat3T14n1run5,/scr1/users/danielsg/sagori_run_5/data_files/inf99101Cat3T14n1run5_R1.fastq.gz,/scr1/users/danielsg/sagori_run_5/data_files/inf99101Cat3T14n1run5_R2.fastq.gz
inf99104Cat3T8n1run5,/scr1/users/danielsg/sagori_run_5/data_files/inf99104Cat3T8n1run5_R1.fastq.gz,/scr1/users/danielsg/sagori_run_5/data_files/inf99104Cat3T8n1run5_R2.fastq.gz
inf215Cat3T5n1run5,/scr1/users/danielsg/sagori_run_5/data_files/inf215Cat3T5n1run5_R1.fastq.gz,/scr1/users/danielsg/sagori_run_5/data_files/inf215Cat3T5n1run5_R2.fastq.gz
inf217Cat2T6n1run5,/scr1/users/danielsg/sagori_run_5/data_files/inf217Cat2T6n1run5_R1.fastq.gz,/scr1/users/danielsg/sagori_run_5/data_files/inf217Cat2T6n1run5_R2.fastq.gz
inf191Cat2T2n1run5,/scr1/users/danielsg/sagori_run_5/data_files/inf191Cat2T2n1run5_R1.fastq.gz,/scr1/users/danielsg/sagori_run_5/data_files/inf191Cat2T2n1run5_R2.fastq.gz
inf211Cat3T7n1run5,/scr1/users/danielsg/sagori_run_5/data_files/inf211Cat3T7n1run5_R1.fastq.gz,/scr1/users/danielsg/sagori_run_5/data_files/inf211Cat3T7n1run5_R2.fastq.gz
inf197Cat1T10n1run5,/scr1/users/danielsg/sagori_run_5/data_files/inf197Cat1T10n1run5_R1.fastq.gz,/scr1/users/danielsg/sagori_run_5/data_files/inf197Cat1T10n1run5_R2.fastq.gz
inf99113Cat3T10n1run5,/scr1/users/danielsg/sagori_run_5/data_files/inf99113Cat3T10n1run5_R1.fastq.gz,/scr1/users/danielsg/sagori_run_5/data_files/inf99113Cat3T10n1run5_R2.fastq.gz
inf209Cat3T2n1run5,/scr1/users/danielsg/sagori_run_5/data_files/inf209Cat3T2n1run5_R1.fastq.gz,/scr1/users/danielsg/sagori_run_5/data_files/inf209Cat3T2n1run5_R2.fastq.gz
inf99105Cat1T14n1run5,/scr1/users/danielsg/sagori_run_5/data_files/inf99105Cat1T14n1run5_R1.fastq.gz,/scr1/users/danielsg/sagori_run_5/data_files/inf99105Cat1T14n1run5_R2.fastq.gz
inf99107Cat2T2n1run5,/scr1/users/danielsg/sagori_run_5/data_files/inf99107Cat2T2n1run5_R1.fastq.gz,/scr1/users/danielsg/sagori_run_5/data_files/inf99107Cat2T2n1run5_R2.fastq.gz
inf213Cat3T10n1run5,/scr1/users/danielsg/sagori_run_5/data_files/inf213Cat3T10n1run5_R1.fastq.gz,/scr1/users/danielsg/sagori_run_5/data_files/inf213Cat3T10n1run5_R2.fastq.gz
inf210Cat3T7n1run5,/scr1/users/danielsg/sagori_run_5/data_files/inf210Cat3T7n1run5_R1.fastq.gz,/scr1/users/danielsg/sagori_run_5/data_files/inf210Cat3T7n1run5_R2.fastq.gz
inf212Cat3T10n1run5,/scr1/users/danielsg/sagori_run_5/data_files/inf212Cat3T10n1run5_R1.fastq.gz,/scr1/users/danielsg/sagori_run_5/data_files/inf212Cat3T10n1run5_R2.fastq.gz
inf99112Cat2T7n1run5,/scr1/users/danielsg/sagori_run_5/data_files/inf99112Cat2T7n1run5_R1.fastq.gz,/scr1/users/danielsg/sagori_run_5/data_files/inf99112Cat2T7n1run5_R2.fastq.gz
inf99103Cat3T5n1run5,/scr1/users/danielsg/sagori_run_5/data_files/inf99103Cat3T5n1run5_R1.fastq.gz,/scr1/users/danielsg/sagori_run_5/data_files/inf99103Cat3T5n1run5_R2.fastq.gz
inf183Cat1T9n2run5,/scr1/users/danielsg/sagori_run_5/data_files/inf183Cat1T9n2run5_R1.fastq.gz,/scr1/users/danielsg/sagori_run_5/data_files/inf183Cat1T9n2run5_R2.fastq.gz
inf99115Cat3T3n1run5,/scr1/users/danielsg/sagori_run_5/data_files/inf99115Cat3T3n1run5_R1.fastq.gz,/scr1/users/danielsg/sagori_run_5/data_files/inf99115Cat3T3n1run5_R2.fastq.gz
mockdna5.20210721,/scr1/users/danielsg/sagori_run_5/data_files/mockdna5.20210721_R1.fastq.gz,/scr1/users/danielsg/sagori_run_5/data_files/mockdna5.20210721_R2.fastq.gz
inf207Cat3T14n1run5,/scr1/users/danielsg/sagori_run_5/data_files/inf207Cat3T14n1run5_R1.fastq.gz,/scr1/users/danielsg/sagori_run_5/data_files/inf207Cat3T14n1run5_R2.fastq.gz
inf99109Cat3T5n1run5,/scr1/users/danielsg/sagori_run_5/data_files/inf99109Cat3T5n1run5_R1.fastq.gz,/scr1/users/danielsg/sagori_run_5/data_files/inf99109Cat3T5n1run5_R2.fastq.gz
inf217Cat2T7n1run5,/scr1/users/danielsg/sagori_run_5/data_files/inf217Cat2T7n1run5_R1.fastq.gz,/scr1/users/danielsg/sagori_run_5/data_files/inf217Cat2T7n1run5_R2.fastq.gz
Extractblankswab5.20210721,/scr1/users/danielsg/sagori_run_5/data_files/Extractblankswab5.20210721_R1.fastq.gz,/scr1/users/danielsg/sagori_run_5/data_files/Extractblankswab5.20210721_R2.fastq.gz
inf211Cat3T8n1run5,/scr1/users/danielsg/sagori_run_5/data_files/inf211Cat3T8n1run5_R1.fastq.gz,/scr1/users/danielsg/sagori_run_5/data_files/inf211Cat3T8n1run5_R2.fastq.gz
inf215Cat3T10n1run5,/scr1/users/danielsg/sagori_run_5/data_files/inf215Cat3T10n1run5_R1.fastq.gz,/scr1/users/danielsg/sagori_run_5/data_files/inf215Cat3T10n1run5_R2.fastq.gz
inf99111Cat3T5n1run5,/scr1/users/danielsg/sagori_run_5/data_files/inf99111Cat3T5n1run5_R1.fastq.gz,/scr1/users/danielsg/sagori_run_5/data_files/inf99111Cat3T5n1run5_R2.fastq.gz
inf203Cat3T1n1run5,/scr1/users/danielsg/sagori_run_5/data_files/inf203Cat3T1n1run5_R1.fastq.gz,/scr1/users/danielsg/sagori_run_5/data_files/inf203Cat3T1n1run5_R2.fastq.gz
inf99113Cat3T12n1run5,/scr1/users/danielsg/sagori_run_5/data_files/inf99113Cat3T12n1run5_R1.fastq.gz,/scr1/users/danielsg/sagori_run_5/data_files/inf99113Cat3T12n1run5_R2.fastq.gz
mockdna3.20210721,/scr1/users/danielsg/sagori_run_5/data_files/mockdna3.20210721_R1.fastq.gz,/scr1/users/danielsg/sagori_run_5/data_files/mockdna3.20210721_R2.fastq.gz
inf209Cat3T4n1run5,/scr1/users/danielsg/sagori_run_5/data_files/inf209Cat3T4n1run5_R1.fastq.gz,/scr1/users/danielsg/sagori_run_5/data_files/inf209Cat3T4n1run5_R2.fastq.gz
Extractblankswab3.20210721,/scr1/users/danielsg/sagori_run_5/data_files/Extractblankswab3.20210721_R1.fastq.gz,/scr1/users/danielsg/sagori_run_5/data_files/Extractblankswab3.20210721_R2.fastq.gz
inf99106Cat3T2n1run5,/scr1/users/danielsg/sagori_run_5/data_files/inf99106Cat3T2n1run5_R1.fastq.gz,/scr1/users/danielsg/sagori_run_5/data_files/inf99106Cat3T2n1run5_R2.fastq.gz
inf203Cat3T11n1run5,/scr1/users/danielsg/sagori_run_5/data_files/inf203Cat3T11n1run5_R1.fastq.gz,/scr1/users/danielsg/sagori_run_5/data_files/inf203Cat3T11n1run5_R2.fastq.gz
inf99104Cat3T9n1run5,/scr1/users/danielsg/sagori_run_5/data_files/inf99104Cat3T9n1run5_R1.fastq.gz,/scr1/users/danielsg/sagori_run_5/data_files/inf99104Cat3T9n1run5_R2.fastq.gz
inf99107Cat2T4n1run5,/scr1/users/danielsg/sagori_run_5/data_files/inf99107Cat2T4n1run5_R1.fastq.gz,/scr1/users/danielsg/sagori_run_5/data_files/inf99107Cat2T4n1run5_R2.fastq.gz
inf99102Cat3T2n1run5,/scr1/users/danielsg/sagori_run_5/data_files/inf99102Cat3T2n1run5_R1.fastq.gz,/scr1/users/danielsg/sagori_run_5/data_files/inf99102Cat3T2n1run5_R2.fastq.gz
inf212Cat3T11n1run5,/scr1/users/danielsg/sagori_run_5/data_files/inf212Cat3T11n1run5_R1.fastq.gz,/scr1/users/danielsg/sagori_run_5/data_files/inf212Cat3T11n1run5_R2.fastq.gz
inf99114Cat3T1n1run5,/scr1/users/danielsg/sagori_run_5/data_files/inf99114Cat3T1n1run5_R1.fastq.gz,/scr1/users/danielsg/sagori_run_5/data_files/inf99114Cat3T1n1run5_R2.fastq.gz
inf99112Cat2T9n1run5,/scr1/users/danielsg/sagori_run_5/data_files/inf99112Cat2T9n1run5_R1.fastq.gz,/scr1/users/danielsg/sagori_run_5/data_files/inf99112Cat2T9n1run5_R2.fastq.gz
inf99101Cat3T1n1run5,/scr1/users/danielsg/sagori_run_5/data_files/inf99101Cat3T1n1run5_R1.fastq.gz,/scr1/users/danielsg/sagori_run_5/data_files/inf99101Cat3T1n1run5_R2.fastq.gz
inf99115Cat3T6n1run5,/scr1/users/danielsg/sagori_run_5/data_files/inf99115Cat3T6n1run5_R1.fastq.gz,/scr1/users/danielsg/sagori_run_5/data_files/inf99115Cat3T6n1run5_R2.fastq.gz
inf192Cat1T2n1run5,/scr1/users/danielsg/sagori_run_5/data_files/inf192Cat1T2n1run5_R1.fastq.gz,/scr1/users/danielsg/sagori_run_5/data_files/inf192Cat1T2n1run5_R2.fastq.gz
inf214Cat3T2n1run5,/scr1/users/danielsg/sagori_run_5/data_files/inf214Cat3T2n1run5_R1.fastq.gz,/scr1/users/danielsg/sagori_run_5/data_files/inf214Cat3T2n1run5_R2.fastq.gz
inf210Cat3T10n1run5,/scr1/users/danielsg/sagori_run_5/data_files/inf210Cat3T10n1run5_R1.fastq.gz,/scr1/users/danielsg/sagori_run_5/data_files/inf210Cat3T10n1run5_R2.fastq.gz
inf207Cat3T16n1run5,/scr1/users/danielsg/sagori_run_5/data_files/inf207Cat3T16n1run5_R1.fastq.gz,/scr1/users/danielsg/sagori_run_5/data_files/inf207Cat3T16n1run5_R2.fastq.gz
inf99106Cat3T4n1run5,/scr1/users/danielsg/sagori_run_5/data_files/inf99106Cat3T4n1run5_R1.fastq.gz,/scr1/users/danielsg/sagori_run_5/data_files/inf99106Cat3T4n1run5_R2.fastq.gz
inf211Cat3T11n1run5,/scr1/users/danielsg/sagori_run_5/data_files/inf211Cat3T11n1run5_R1.fastq.gz,/scr1/users/danielsg/sagori_run_5/data_files/inf211Cat3T11n1run5_R2.fastq.gz
inf184Cat1T2n1run5,/scr1/users/danielsg/sagori_run_5/data_files/inf184Cat1T2n1run5_R1.fastq.gz,/scr1/users/danielsg/sagori_run_5/data_files/inf184Cat1T2n1run5_R2.fastq.gz
inf99103Cat3T8n1run5,/scr1/users/danielsg/sagori_run_5/data_files/inf99103Cat3T8n1run5_R1.fastq.gz,/scr1/users/danielsg/sagori_run_5/data_files/inf99103Cat3T8n1run5_R2.fastq.gz
inf99111Cat3T8n1run5,/scr1/users/danielsg/sagori_run_5/data_files/inf99111Cat3T8n1run5_R1.fastq.gz,/scr1/users/danielsg/sagori_run_5/data_files/inf99111Cat3T8n1run5_R2.fastq.gz
inf99110Cat3T2n1run5,/scr1/users/danielsg/sagori_run_5/data_files/inf99110Cat3T2n1run5_R1.fastq.gz,/scr1/users/danielsg/sagori_run_5/data_files/inf99110Cat3T2n1run5_R2.fastq.gz
inf177Cat3T8n1run5,/scr1/users/danielsg/sagori_run_5/data_files/inf177Cat3T8n1run5_R1.fastq.gz,/scr1/users/danielsg/sagori_run_5/data_files/inf177Cat3T8n1run5_R2.fastq.gz
inf216Cat3T2n1run5,/scr1/users/danielsg/sagori_run_5/data_files/inf216Cat3T2n1run5_R1.fastq.gz,/scr1/users/danielsg/sagori_run_5/data_files/inf216Cat3T2n1run5_R2.fastq.gz
inf209Cat3T6n1run5,/scr1/users/danielsg/sagori_run_5/data_files/inf209Cat3T6n1run5_R1.fastq.gz,/scr1/users/danielsg/sagori_run_5/data_files/inf209Cat3T6n1run5_R2.fastq.gz
inf153Cat3T10n1run5,/scr1/users/danielsg/sagori_run_5/data_files/inf153Cat3T10n1run5_R1.fastq.gz,/scr1/users/danielsg/sagori_run_5/data_files/inf153Cat3T10n1run5_R2.fastq.gz
inf125Cat1T9n1run5,/scr1/users/danielsg/sagori_run_5/data_files/inf125Cat1T9n1run5_R1.fastq.gz,/scr1/users/danielsg/sagori_run_5/data_files/inf125Cat1T9n1run5_R2.fastq.gz
inf172Cat3T11n1run5,/scr1/users/danielsg/sagori_run_5/data_files/inf172Cat3T11n1run5_R1.fastq.gz,/scr1/users/danielsg/sagori_run_5/data_files/inf172Cat3T11n1run5_R2.fastq.gz
inf170Cat3T8n1run5,/scr1/users/danielsg/sagori_run_5/data_files/inf170Cat3T8n1run5_R1.fastq.gz,/scr1/users/danielsg/sagori_run_5/data_files/inf170Cat3T8n1run5_R2.fastq.gz
inf165Cat3T10n1run5,/scr1/users/danielsg/sagori_run_5/data_files/inf165Cat3T10n1run5_R1.fastq.gz,/scr1/users/danielsg/sagori_run_5/data_files/inf165Cat3T10n1run5_R2.fastq.gz
inf158Cat3T9n1run5,/scr1/users/danielsg/sagori_run_5/data_files/inf158Cat3T9n1run5_R1.fastq.gz,/scr1/users/danielsg/sagori_run_5/data_files/inf158Cat3T9n1run5_R2.fastq.gz
inf144Cat3T11n1run5,/scr1/users/danielsg/sagori_run_5/data_files/inf144Cat3T11n1run5_R1.fastq.gz,/scr1/users/danielsg/sagori_run_5/data_files/inf144Cat3T11n1run5_R2.fastq.gz
inf141Cat2T9n1run5,/scr1/users/danielsg/sagori_run_5/data_files/inf141Cat2T9n1run5_R1.fastq.gz,/scr1/users/danielsg/sagori_run_5/data_files/inf141Cat2T9n1run5_R2.fastq.gz
Aerobic12,/scr1/users/danielsg/sagori_run_5/data_files/Aerobic12_R1.fastq.gz,/scr1/users/danielsg/sagori_run_5/data_files/Aerobic12_R2.fastq.gz
inf132Cat3T11n1run5,/scr1/users/danielsg/sagori_run_5/data_files/inf132Cat3T11n1run5_R1.fastq.gz,/scr1/users/danielsg/sagori_run_5/data_files/inf132Cat3T11n1run5_R2.fastq.gz
inf163Cat3T10n1run5,/scr1/users/danielsg/sagori_run_5/data_files/inf163Cat3T10n1run5_R1.fastq.gz,/scr1/users/danielsg/sagori_run_5/data_files/inf163Cat3T10n1run5_R2.fastq.gz
inf136Cat1T10n1run5,/scr1/users/danielsg/sagori_run_5/data_files/inf136Cat1T10n1run5_R1.fastq.gz,/scr1/users/danielsg/sagori_run_5/data_files/inf136Cat1T10n1run5_R2.fastq.gz
inf154Cat2T9n1run5,/scr1/users/danielsg/sagori_run_5/data_files/inf154Cat2T9n1run5_R1.fastq.gz,/scr1/users/danielsg/sagori_run_5/data_files/inf154Cat2T9n1run5_R2.fastq.gz
inf165Cat3T11n1run5,/scr1/users/danielsg/sagori_run_5/data_files/inf165Cat3T11n1run5_R1.fastq.gz,/scr1/users/danielsg/sagori_run_5/data_files/inf165Cat3T11n1run5_R2.fastq.gz
inf127Cat1T9n1run5,/scr1/users/danielsg/sagori_run_5/data_files/inf127Cat1T9n1run5_R1.fastq.gz,/scr1/users/danielsg/sagori_run_5/data_files/inf127Cat1T9n1run5_R2.fastq.gz
inf141Cat2T9n2run5,/scr1/users/danielsg/sagori_run_5/data_files/inf141Cat2T9n2run5_R1.fastq.gz,/scr1/users/danielsg/sagori_run_5/data_files/inf141Cat2T9n2run5_R2.fastq.gz
inf173Cat3T9n1run5,/scr1/users/danielsg/sagori_run_5/data_files/inf173Cat3T9n1run5_R1.fastq.gz,/scr1/users/danielsg/sagori_run_5/data_files/inf173Cat3T9n1run5_R2.fastq.gz
inf170Cat3T9n1run5,/scr1/users/danielsg/sagori_run_5/data_files/inf170Cat3T9n1run5_R1.fastq.gz,/scr1/users/danielsg/sagori_run_5/data_files/inf170Cat3T9n1run5_R2.fastq.gz
inf158Cat3T10n1run5,/scr1/users/danielsg/sagori_run_5/data_files/inf158Cat3T10n1run5_R1.fastq.gz,/scr1/users/danielsg/sagori_run_5/data_files/inf158Cat3T10n1run5_R2.fastq.gz
inf163Cat3T12n1run5,/scr1/users/danielsg/sagori_run_5/data_files/inf163Cat3T12n1run5_R1.fastq.gz,/scr1/users/danielsg/sagori_run_5/data_files/inf163Cat3T12n1run5_R2.fastq.gz
inf144Cat3T11n2run5,/scr1/users/danielsg/sagori_run_5/data_files/inf144Cat3T11n2run5_R1.fastq.gz,/scr1/users/danielsg/sagori_run_5/data_files/inf144Cat3T11n2run5_R2.fastq.gz
inf133Cat3T9n1run5,/scr1/users/danielsg/sagori_run_5/data_files/inf133Cat3T9n1run5_R1.fastq.gz,/scr1/users/danielsg/sagori_run_5/data_files/inf133Cat3T9n1run5_R2.fastq.gz
Anaerobic12,/scr1/users/danielsg/sagori_run_5/data_files/Anaerobic12_R1.fastq.gz,/scr1/users/danielsg/sagori_run_5/data_files/Anaerobic12_R2.fastq.gz
inf136Cat1T12n1run5,/scr1/users/danielsg/sagori_run_5/data_files/inf136Cat1T12n1run5_R1.fastq.gz,/scr1/users/danielsg/sagori_run_5/data_files/inf136Cat1T12n1run5_R2.fastq.gz
inf127Cat1T10n1run5,/scr1/users/danielsg/sagori_run_5/data_files/inf127Cat1T10n1run5_R1.fastq.gz,/scr1/users/danielsg/sagori_run_5/data_files/inf127Cat1T10n1run5_R2.fastq.gz
inf154Cat2T10n1run5,/scr1/users/danielsg/sagori_run_5/data_files/inf154Cat2T10n1run5_R1.fastq.gz,/scr1/users/danielsg/sagori_run_5/data_files/inf154Cat2T10n1run5_R2.fastq.gz
inf170Cat3T10n1run5,/scr1/users/danielsg/sagori_run_5/data_files/inf170Cat3T10n1run5_R1.fastq.gz,/scr1/users/danielsg/sagori_run_5/data_files/inf170Cat3T10n1run5_R2.fastq.gz
inf141Cat2T10n1run5,/scr1/users/danielsg/sagori_run_5/data_files/inf141Cat2T10n1run5_R1.fastq.gz,/scr1/users/danielsg/sagori_run_5/data_files/inf141Cat2T10n1run5_R2.fastq.gz
inf160Cat3T2n1run5,/scr1/users/danielsg/sagori_run_5/data_files/inf160Cat3T2n1run5_R1.fastq.gz,/scr1/users/danielsg/sagori_run_5/data_files/inf160Cat3T2n1run5_R2.fastq.gz
inf173Cat3T10n1run5,/scr1/users/danielsg/sagori_run_5/data_files/inf173Cat3T10n1run5_R1.fastq.gz,/scr1/users/danielsg/sagori_run_5/data_files/inf173Cat3T10n1run5_R2.fastq.gz
Aerobic13,/scr1/users/danielsg/sagori_run_5/data_files/Aerobic13_R1.fastq.gz,/scr1/users/danielsg/sagori_run_5/data_files/Aerobic13_R2.fastq.gz
inf133Cat3T10n1run5,/scr1/users/danielsg/sagori_run_5/data_files/inf133Cat3T10n1run5_R1.fastq.gz,/scr1/users/danielsg/sagori_run_5/data_files/inf133Cat3T10n1run5_R2.fastq.gz
inf165Cat3T12n1run5,/scr1/users/danielsg/sagori_run_5/data_files/inf165Cat3T12n1run5_R1.fastq.gz,/scr1/users/danielsg/sagori_run_5/data_files/inf165Cat3T12n1run5_R2.fastq.gz
inf145Cat1T9n1run5,/scr1/users/danielsg/sagori_run_5/data_files/inf145Cat1T9n1run5_R1.fastq.gz,/scr1/users/danielsg/sagori_run_5/data_files/inf145Cat1T9n1run5_R2.fastq.gz
DNAfreewater1.20210721,/scr1/users/danielsg/sagori_run_5/data_files/DNAfreewater1.20210721_R1.fastq.gz,/scr1/users/danielsg/sagori_run_5/data_files/DNAfreewater1.20210721_R2.fastq.gz
inf139Cat3T7n1run5,/scr1/users/danielsg/sagori_run_5/data_files/inf139Cat3T7n1run5_R1.fastq.gz,/scr1/users/danielsg/sagori_run_5/data_files/inf139Cat3T7n1run5_R2.fastq.gz
inf150Cat3T9n1run5,/scr1/users/danielsg/sagori_run_5/data_files/inf150Cat3T9n1run5_R1.fastq.gz,/scr1/users/danielsg/sagori_run_5/data_files/inf150Cat3T9n1run5_R2.fastq.gz
inf171Cat1T2n1run5,/scr1/users/danielsg/sagori_run_5/data_files/inf171Cat1T2n1run5_R1.fastq.gz,/scr1/users/danielsg/sagori_run_5/data_files/inf171Cat1T2n1run5_R2.fastq.gz
Anaerobic13,/scr1/users/danielsg/sagori_run_5/data_files/Anaerobic13_R1.fastq.gz,/scr1/users/danielsg/sagori_run_5/data_files/Anaerobic13_R2.fastq.gz
inf154Cat2T11n1run5,/scr1/users/danielsg/sagori_run_5/data_files/inf154Cat2T11n1run5_R1.fastq.gz,/scr1/users/danielsg/sagori_run_5/data_files/inf154Cat2T11n1run5_R2.fastq.gz
inf174Cat3T1n1run5,/scr1/users/danielsg/sagori_run_5/data_files/inf174Cat3T1n1run5_R1.fastq.gz,/scr1/users/danielsg/sagori_run_5/data_files/inf174Cat3T1n1run5_R2.fastq.gz
inf141Cat2T11n1run5,/scr1/users/danielsg/sagori_run_5/data_files/inf141Cat2T11n1run5_R1.fastq.gz,/scr1/users/danielsg/sagori_run_5/data_files/inf141Cat2T11n1run5_R2.fastq.gz
inf127Cat1T11n1run5,/scr1/users/danielsg/sagori_run_5/data_files/inf127Cat1T11n1run5_R1.fastq.gz,/scr1/users/danielsg/sagori_run_5/data_files/inf127Cat1T11n1run5_R2.fastq.gz
inf160Cat3T9n1run5,/scr1/users/danielsg/sagori_run_5/data_files/inf160Cat3T9n1run5_R1.fastq.gz,/scr1/users/danielsg/sagori_run_5/data_files/inf160Cat3T9n1run5_R2.fastq.gz
inf164Cat3T10n1run5,/scr1/users/danielsg/sagori_run_5/data_files/inf164Cat3T10n1run5_R1.fastq.gz,/scr1/users/danielsg/sagori_run_5/data_files/inf164Cat3T10n1run5_R2.fastq.gz
inf139Cat3T9n1run5,/scr1/users/danielsg/sagori_run_5/data_files/inf139Cat3T9n1run5_R1.fastq.gz,/scr1/users/danielsg/sagori_run_5/data_files/inf139Cat3T9n1run5_R2.fastq.gz
inf165Cat3T14n1run5,/scr1/users/danielsg/sagori_run_5/data_files/inf165Cat3T14n1run5_R1.fastq.gz,/scr1/users/danielsg/sagori_run_5/data_files/inf165Cat3T14n1run5_R2.fastq.gz
inf134Cat1T8n1run5,/scr1/users/danielsg/sagori_run_5/data_files/inf134Cat1T8n1run5_R1.fastq.gz,/scr1/users/danielsg/sagori_run_5/data_files/inf134Cat1T8n1run5_R2.fastq.gz
inf160Cat3T10n1run5,/scr1/users/danielsg/sagori_run_5/data_files/inf160Cat3T10n1run5_R1.fastq.gz,/scr1/users/danielsg/sagori_run_5/data_files/inf160Cat3T10n1run5_R2.fastq.gz
inf164Cat3T10n2run5,/scr1/users/danielsg/sagori_run_5/data_files/inf164Cat3T10n2run5_R1.fastq.gz,/scr1/users/danielsg/sagori_run_5/data_files/inf164Cat3T10n2run5_R2.fastq.gz
inf128Cat3T11n1run5,/scr1/users/danielsg/sagori_run_5/data_files/inf128Cat3T11n1run5_R1.fastq.gz,/scr1/users/danielsg/sagori_run_5/data_files/inf128Cat3T11n1run5_R2.fastq.gz
inf165Cat3T16n1run5,/scr1/users/danielsg/sagori_run_5/data_files/inf165Cat3T16n1run5_R1.fastq.gz,/scr1/users/danielsg/sagori_run_5/data_files/inf165Cat3T16n1run5_R2.fastq.gz
inf134Cat1T10n1run5,/scr1/users/danielsg/sagori_run_5/data_files/inf134Cat1T10n1run5_R1.fastq.gz,/scr1/users/danielsg/sagori_run_5/data_files/inf134Cat1T10n1run5_R2.fastq.gz
inf150Cat3T10n1run5,/scr1/users/danielsg/sagori_run_5/data_files/inf150Cat3T10n1run5_R1.fastq.gz,/scr1/users/danielsg/sagori_run_5/data_files/inf150Cat3T10n1run5_R2.fastq.gz
inf174Cat3T9n1run5,/scr1/users/danielsg/sagori_run_5/data_files/inf174Cat3T9n1run5_R1.fastq.gz,/scr1/users/danielsg/sagori_run_5/data_files/inf174Cat3T9n1run5_R2.fastq.gz
inf142Cat3T9n1run5,/scr1/users/danielsg/sagori_run_5/data_files/inf142Cat3T9n1run5_R1.fastq.gz,/scr1/users/danielsg/sagori_run_5/data_files/inf142Cat3T9n1run5_R2.fastq.gz
inf171Cat1T9n1run5,/scr1/users/danielsg/sagori_run_5/data_files/inf171Cat1T9n1run5_R1.fastq.gz,/scr1/users/danielsg/sagori_run_5/data_files/inf171Cat1T9n1run5_R2.fastq.gz
inf140Cat3T9n1run5,/scr1/users/danielsg/sagori_run_5/data_files/inf140Cat3T9n1run5_R1.fastq.gz,/scr1/users/danielsg/sagori_run_5/data_files/inf140Cat3T9n1run5_R2.fastq.gz
Extractemptywell1.20210721,/scr1/users/danielsg/sagori_run_5/data_files/Extractemptywell1.20210721_R1.fastq.gz,/scr1/users/danielsg/sagori_run_5/data_files/Extractemptywell1.20210721_R2.fastq.gz
SterileAerobic14,/scr1/users/danielsg/sagori_run_5/data_files/SterileAerobic14_R1.fastq.gz,/scr1/users/danielsg/sagori_run_5/data_files/SterileAerobic14_R2.fastq.gz
inf160Cat3T12n1run5,/scr1/users/danielsg/sagori_run_5/data_files/inf160Cat3T12n1run5_R1.fastq.gz,/scr1/users/danielsg/sagori_run_5/data_files/inf160Cat3T12n1run5_R2.fastq.gz
inf156Cat2T9n1run5,/scr1/users/danielsg/sagori_run_5/data_files/inf156Cat2T9n1run5_R1.fastq.gz,/scr1/users/danielsg/sagori_run_5/data_files/inf156Cat2T9n1run5_R2.fastq.gz
inf172Cat3T2n1run5,/scr1/users/danielsg/sagori_run_5/data_files/inf172Cat3T2n1run5_R1.fastq.gz,/scr1/users/danielsg/sagori_run_5/data_files/inf172Cat3T2n1run5_R2.fastq.gz
inf140Cat3T10n1run5,/scr1/users/danielsg/sagori_run_5/data_files/inf140Cat3T10n1run5_R1.fastq.gz,/scr1/users/danielsg/sagori_run_5/data_files/inf140Cat3T10n1run5_R2.fastq.gz
inf142Cat3T10n1run5,/scr1/users/danielsg/sagori_run_5/data_files/inf142Cat3T10n1run5_R1.fastq.gz,/scr1/users/danielsg/sagori_run_5/data_files/inf142Cat3T10n1run5_R2.fastq.gz
inf170Cat3T2n1run5,/scr1/users/danielsg/sagori_run_5/data_files/inf170Cat3T2n1run5_R1.fastq.gz,/scr1/users/danielsg/sagori_run_5/data_files/inf170Cat3T2n1run5_R2.fastq.gz
inf174Cat3T12n1run5,/scr1/users/danielsg/sagori_run_5/data_files/inf174Cat3T12n1run5_R1.fastq.gz,/scr1/users/danielsg/sagori_run_5/data_files/inf174Cat3T12n1run5_R2.fastq.gz
inf129Cat1T9n1run5,/scr1/users/danielsg/sagori_run_5/data_files/inf129Cat1T9n1run5_R1.fastq.gz,/scr1/users/danielsg/sagori_run_5/data_files/inf129Cat1T9n1run5_R2.fastq.gz
inf164Cat3T11n1run5,/scr1/users/danielsg/sagori_run_5/data_files/inf164Cat3T11n1run5_R1.fastq.gz,/scr1/users/danielsg/sagori_run_5/data_files/inf164Cat3T11n1run5_R2.fastq.gz
inf134Cat1T10n2run5,/scr1/users/danielsg/sagori_run_5/data_files/inf134Cat1T10n2run5_R1.fastq.gz,/scr1/users/danielsg/sagori_run_5/data_files/inf134Cat1T10n2run5_R2.fastq.gz
SterileAnaerobic14,/scr1/users/danielsg/sagori_run_5/data_files/SterileAnaerobic14_R1.fastq.gz,/scr1/users/danielsg/sagori_run_5/data_files/SterileAnaerobic14_R2.fastq.gz
inf150Cat3T11n1run5,/scr1/users/danielsg/sagori_run_5/data_files/inf150Cat3T11n1run5_R1.fastq.gz,/scr1/users/danielsg/sagori_run_5/data_files/inf150Cat3T11n1run5_R2.fastq.gz
inf165Cat3T2n1run5,/scr1/users/danielsg/sagori_run_5/data_files/inf165Cat3T2n1run5_R1.fastq.gz,/scr1/users/danielsg/sagori_run_5/data_files/inf165Cat3T2n1run5_R2.fastq.gz
inf176Cat3T2n1run5,/scr1/users/danielsg/sagori_run_5/data_files/inf176Cat3T2n1run5_R1.fastq.gz,/scr1/users/danielsg/sagori_run_5/data_files/inf176Cat3T2n1run5_R2.fastq.gz
inf156Cat2T10n1run5,/scr1/users/danielsg/sagori_run_5/data_files/inf156Cat2T10n1run5_R1.fastq.gz,/scr1/users/danielsg/sagori_run_5/data_files/inf156Cat2T10n1run5_R2.fastq.gz
inf163Cat3T2n1run5,/scr1/users/danielsg/sagori_run_5/data_files/inf163Cat3T2n1run5_R1.fastq.gz,/scr1/users/danielsg/sagori_run_5/data_files/inf163Cat3T2n1run5_R2.fastq.gz
mockdna1.20210721,/scr1/users/danielsg/sagori_run_5/data_files/mockdna1.20210721_R1.fastq.gz,/scr1/users/danielsg/sagori_run_5/data_files/mockdna1.20210721_R2.fastq.gz
inf140Cat3T11n1run5,/scr1/users/danielsg/sagori_run_5/data_files/inf140Cat3T11n1run5_R1.fastq.gz,/scr1/users/danielsg/sagori_run_5/data_files/inf140Cat3T11n1run5_R2.fastq.gz
inf142Cat3T11n1run5,/scr1/users/danielsg/sagori_run_5/data_files/inf142Cat3T11n1run5_R1.fastq.gz,/scr1/users/danielsg/sagori_run_5/data_files/inf142Cat3T11n1run5_R2.fastq.gz
inf172Cat3T9n1run5,/scr1/users/danielsg/sagori_run_5/data_files/inf172Cat3T9n1run5_R1.fastq.gz,/scr1/users/danielsg/sagori_run_5/data_files/inf172Cat3T9n1run5_R2.fastq.gz
inf150Cat3T12n1run5,/scr1/users/danielsg/sagori_run_5/data_files/inf150Cat3T12n1run5_R1.fastq.gz,/scr1/users/danielsg/sagori_run_5/data_files/inf150Cat3T12n1run5_R2.fastq.gz
inf132Cat3T9n1run5,/scr1/users/danielsg/sagori_run_5/data_files/inf132Cat3T9n1run5_R1.fastq.gz,/scr1/users/danielsg/sagori_run_5/data_files/inf132Cat3T9n1run5_R2.fastq.gz
inf170Cat3T3n1run5,/scr1/users/danielsg/sagori_run_5/data_files/inf170Cat3T3n1run5_R1.fastq.gz,/scr1/users/danielsg/sagori_run_5/data_files/inf170Cat3T3n1run5_R2.fastq.gz
Extractblankswab1.20210721,/scr1/users/danielsg/sagori_run_5/data_files/Extractblankswab1.20210721_R1.fastq.gz,/scr1/users/danielsg/sagori_run_5/data_files/Extractblankswab1.20210721_R2.fastq.gz
inf163Cat3T9n1run5,/scr1/users/danielsg/sagori_run_5/data_files/inf163Cat3T9n1run5_R1.fastq.gz,/scr1/users/danielsg/sagori_run_5/data_files/inf163Cat3T9n1run5_R2.fastq.gz
inf153Cat3T9n1run5,/scr1/users/danielsg/sagori_run_5/data_files/inf153Cat3T9n1run5_R1.fastq.gz,/scr1/users/danielsg/sagori_run_5/data_files/inf153Cat3T9n1run5_R2.fastq.gz
inf136Cat1T9n1run5,/scr1/users/danielsg/sagori_run_5/data_files/inf136Cat1T9n1run5_R1.fastq.gz,/scr1/users/danielsg/sagori_run_5/data_files/inf136Cat1T9n1run5_R2.fastq.gz
inf176Cat3T6n1run5,/scr1/users/danielsg/sagori_run_5/data_files/inf176Cat3T6n1run5_R1.fastq.gz,/scr1/users/danielsg/sagori_run_5/data_files/inf176Cat3T6n1run5_R2.fastq.gz
inf172Cat3T10n1run5,/scr1/users/danielsg/sagori_run_5/data_files/inf172Cat3T10n1run5_R1.fastq.gz,/scr1/users/danielsg/sagori_run_5/data_files/inf172Cat3T10n1run5_R2.fastq.gz
inf124Cat1T9n1run5,/scr1/users/danielsg/sagori_run_5/data_files/inf124Cat1T9n1run5_R1.fastq.gz,/scr1/users/danielsg/sagori_run_5/data_files/inf124Cat1T9n1run5_R2.fastq.gz
inf140Cat3T12n1run5,/scr1/users/danielsg/sagori_run_5/data_files/inf140Cat3T12n1run5_R1.fastq.gz,/scr1/users/danielsg/sagori_run_5/data_files/inf140Cat3T12n1run5_R2.fastq.gz
inf165Cat3T9n1run5,/scr1/users/danielsg/sagori_run_5/data_files/inf165Cat3T9n1run5_R1.fastq.gz,/scr1/users/danielsg/sagori_run_5/data_files/inf165Cat3T9n1run5_R2.fastq.gz
inf144Cat3T10n1run5,/scr1/users/danielsg/sagori_run_5/data_files/inf144Cat3T10n1run5_R1.fastq.gz,/scr1/users/danielsg/sagori_run_5/data_files/inf144Cat3T10n1run5_R2.fastq.gz
inf170Cat3T6n1run5,/scr1/users/danielsg/sagori_run_5/data_files/inf170Cat3T6n1run5_R1.fastq.gz,/scr1/users/danielsg/sagori_run_5/data_files/inf170Cat3T6n1run5_R2.fastq.gz
inf132Cat3T10n1run5,/scr1/users/danielsg/sagori_run_5/data_files/inf132Cat3T10n1run5_R1.fastq.gz,/scr1/users/danielsg/sagori_run_5/data_files/inf132Cat3T10n1run5_R2.fastq.gz
inf156Cat2T11n1run5,/scr1/users/danielsg/sagori_run_5/data_files/inf156Cat2T11n1run5_R1.fastq.gz,/scr1/users/danielsg/sagori_run_5/data_files/inf156Cat2T11n1run5_R2.fastq.gz
